transaction_id,sender_id,recipient_id,amount,currency,timestamp,hour,minute,day_of_week,transaction_type,sender_balance_before,sender_avg_amount,amount_deviation_ratio,balance_empty_ratio,is_new_recipient,velocity_last_24h,is_new_device,is_foreign_ip,memo_text,is_fraud
TXN-2025-020001,KZ_USR_0377,KZ_REC_1988,113000.0,KZT,2025-04-07 15:13:14,15,13,0,MERCHANT,1290400.0,155180.05,0.73,0.088,1,2,0,0,Подарок на день рождения,0
TXN-2025-005516,KZ_USR_1141,KZ_REC_4977,123300.0,KZT,2025-05-07 17:22:09,17,22,2,P2P_TRANSFER,897700.0,151948.95,0.81,0.137,1,2,0,0,Билеты в кино,0
TXN-2025-000967,KZ_USR_0370,KZ_REC_6728,16100.0,KZT,2025-04-19 13:02:20,13,2,5,PAYMENT,172600.0,31097.81,0.52,0.093,1,1,0,0,Коммуналка,0
TXN-2025-022727,KZ_USR_0465,KZ_REC_864,44500.0,KZT,2025-05-06 13:59:54,13,59,1,MERCHANT,279400.0,173947.61,0.26,0.159,0,1,0,1,Перевод маме,0
TXN-2025-002691,KZ_USR_0243,KZ_REC_719,263100.0,KZT,2025-05-04 12:30:10,12,30,6,P2P_TRANSFER,1435700.0,166378.3,1.58,0.183,0,1,0,0,Возврат долга,0
TXN-2025-017390,KZ_USR_1095,KZ_REC_860,62100.0,KZT,2025-04-08 09:38:49,9,38,1,PAYMENT,445800.0,56907.17,1.09,0.139,0,1,0,0,Аренда жилья,0
TXN-2025-010088,KZ_USR_0621,KZ_REC_398,56200.0,KZT,2025-05-25 16:38:20,16,38,6,PAYMENT,560100.0,49523.36,1.13,0.1,0,1,0,0,Аренда жилья,0
TXN-2025-021665,KZ_USR_0927,KZ_REC_785,84800.0,KZT,2025-05-29 11:10:04,11,10,3,MERCHANT,759200.0,62988.38,1.35,0.112,0,1,0,0,На карманные расходы,0
TXN-2025-024370,KZ_USR_0554,KZ_REC_6186,112600.0,KZT,2025-04-14 10:51:38,10,51,0,P2P_TRANSFER,756400.0,109750.08,1.03,0.149,1,1,0,0,Перевод коллеге,0
TXN-2025-023763,KZ_USR_1142,KZ_REC_3833,44600.0,KZT,2025-05-23 07:13:45,7,13,4,P2P_TRANSFER,96500.0,75649.47,0.59,0.462,1,1,0,1,На карманные расходы,0
TXN-2025-011044,KZ_USR_0420,KZ_REC_2635,106100.0,KZT,2025-04-22 22:59:35,22,59,1,MERCHANT,433100.0,140379.92,0.76,0.245,1,1,0,0,Билеты в кино,0
TXN-2025-024859,KZ_USR_0398,KZ_REC_432,132300.0,KZT,2025-04-14 18:03:32,18,3,0,MERCHANT,768400.0,88639.04,1.49,0.172,0,1,1,0,Аренда жилья,0
TXN-2025-006674,KZ_USR_1172,KZ_REC_456,112300.0,KZT,2025-05-01 18:59:13,18,59,3,PAYMENT,943500.0,176989.79,0.63,0.119,0,1,0,0,Возврат долга,0
TXN-2025-009484,KZ_USR_0644,KZ_REC_4046,71100.0,KZT,2025-05-12 21:51:36,21,51,0,P2P_TRANSFER,448300.0,72399.58,0.98,0.159,1,1,0,0,На карманные расходы,0
TXN-2025-004409,KZ_USR_0592,KZ_REC_621,91700.0,KZT,2025-04-06 10:11:52,10,11,6,P2P_TRANSFER,479100.0,122539.96,0.75,0.191,0,1,0,0,На карманные расходы,0
TXN-2025-019704,KZ_USR_0025,KZ_REC_217,38400.0,KZT,2025-04-02 03:00:57,3,0,2,MERCHANT,347900.0,92971.2,0.41,0.11,0,1,0,0,Билеты в кино,0
TXN-2025-001960,KZ_USR_1176,KZ_REC_541,82200.0,KZT,2025-04-12 19:59:01,19,59,5,PAYMENT,733700.0,106397.66,0.77,0.112,0,1,0,0,Перевод коллеге,0
TXN-2025-004566,KZ_USR_0401,KZ_REC_296,11900.0,KZT,2025-04-11 10:29:15,10,29,4,P2P_TRANSFER,70600.0,36499.82,0.33,0.169,0,1,0,0,За бензин,0
TXN-2025-024767,KZ_USR_0636,KZ_REC_371,155400.0,KZT,2025-04-11 15:45:46,15,45,4,PAYMENT,557100.0,91585.98,1.7,0.279,0,1,0,0,Оплата обеда,0
TXN-2025-002122,KZ_USR_0323,KZ_REC_8542,177200.0,KZT,2025-04-08 12:55:43,12,55,1,PAYMENT,635800.0,125631.58,1.41,0.279,1,2,0,0,Билеты в кино,0
TXN-2025-014783,KZ_USR_0093,KZ_REC_6700,234600.0,KZT,2025-05-13 12:04:29,12,4,1,MERCHANT,2256100.0,141725.61,1.66,0.104,1,1,0,0,Перевод маме,0
TXN-2025-008040,KZ_USR_0033,KZ_REC_721,45500.0,KZT,2025-04-18 08:30:55,8,30,4,MERCHANT,328200.0,30408.25,1.5,0.139,0,2,1,0,На продукты,0
TXN-2025-022117,KZ_USR_0325,KZ_REC_279,200500.0,KZT,2025-05-13 16:19:34,16,19,1,P2P_TRANSFER,951900.0,172778.44,1.16,0.211,0,1,0,0,Аренда жилья,0
TXN-2025-024355,KZ_USR_0323,KZ_REC_8810,73600.0,KZT,2025-04-10 14:49:37,14,49,3,PAYMENT,681200.0,125631.58,0.59,0.108,1,1,0,1,Зарплата,0
TXN-2025-020829,KZ_USR_1038,KZ_REC_409,162400.0,KZT,2025-04-09 16:00:52,16,0,2,MERCHANT,1432500.0,135962.68,1.19,0.113,0,1,0,0,Возврат долга,0
TXN-2025-005877,KZ_USR_0136,KZ_REC_724,198300.0,KZT,2025-05-01 19:05:51,19,5,3,P2P_TRANSFER,453400.0,71712.47,2.77,0.437,0,1,0,0,Возврат долга,0
TXN-2025-004452,KZ_USR_1149,KZ_REC_321,91800.0,KZT,2025-05-25 12:25:30,12,25,6,MERCHANT,1098800.0,156093.08,0.59,0.084,0,2,0,0,Зарплата,0
TXN-2025-023313,KZ_USR_0787,KZ_REC_252,255900.0,KZT,2025-05-01 17:02:13,17,2,3,P2P_TRANSFER,1597500.0,113342.69,2.26,0.16,0,1,0,0,Перевод коллеге,0
TXN-2025-001547,KZ_USR_0783,KZ_REC_8276,65800.0,KZT,2025-05-06 14:10:38,14,10,1,P2P_TRANSFER,730000.0,60287.85,1.09,0.09,1,1,0,0,За бензин,0
TXN-2025-024665,KZ_USR_0814,KZ_REC_282,238200.0,KZT,2025-05-03 18:00:22,18,0,5,MERCHANT,2506700.0,167334.7,1.42,0.095,0,1,0,0,Срочно на карту,0
TXN-2025-017840,KZ_USR_0154,KZ_REC_4262,191200.0,KZT,2025-04-14 10:19:50,10,19,0,P2P_TRANSFER,1787400.0,98312.44,1.94,0.107,1,1,0,0,На карманные расходы,0
TXN-2025-023508,KZ_USR_0657,KZ_REC_372,277200.0,KZT,2025-05-15 20:53:45,20,53,3,MERCHANT,967500.0,65404.14,4.24,0.287,0,2,0,0,Возврат долга,0
TXN-2025-015286,KZ_USR_0684,KZ_REC_769,178900.0,KZT,2025-04-07 12:57:38,12,57,0,PAYMENT,1383200.0,126982.92,1.41,0.129,0,1,0,0,Пополнение карты,0
TXN-2025-000103,KZ_USR_0754,KZ_REC_118,84900.0,KZT,2025-05-22 18:43:44,18,43,3,PAYMENT,303300.0,73584.9,1.15,0.28,0,1,0,0,Зарплата,0
TXN-2025-022910,KZ_USR_0078,KZ_REC_521,17600.0,KZT,2025-05-28 16:47:12,16,47,2,PAYMENT,144300.0,31847.14,0.55,0.122,0,1,0,0,На карманные расходы,0
TXN-2025-016829,KZ_USR_0490,KZ_REC_760,221200.0,KZT,2025-04-21 13:57:42,13,57,0,MERCHANT,2191800.0,162442.21,1.36,0.101,0,1,0,0,Зарплата,0
TXN-2025-012542,KZ_USR_0219,KZ_REC_788,53400.0,KZT,2025-05-02 07:56:53,7,56,4,P2P_TRANSFER,508500.0,123941.26,0.43,0.105,0,1,0,0,Возврат долга,0
TXN-2025-009416,KZ_USR_1174,KZ_REC_572,33800.0,KZT,2025-05-22 01:18:17,1,18,3,MERCHANT,180300.0,61568.57,0.55,0.187,0,1,0,0,На карманные расходы,0
TXN-2025-017852,KZ_USR_0740,KZ_REC_619,71700.0,KZT,2025-04-03 15:10:36,15,10,3,MERCHANT,239400.0,80311.11,0.89,0.299,0,1,0,0,Зарплата,0
TXN-2025-006411,KZ_USR_1072,KZ_REC_612,106000.0,KZT,2025-05-13 08:07:27,8,7,1,P2P_TRANSFER,710000.0,57377.24,1.85,0.149,0,1,0,0,Подарок на день рождения,0
TXN-2025-016031,KZ_USR_0833,KZ_REC_318,29200.0,KZT,2025-05-12 07:46:05,7,46,0,P2P_TRANSFER,73200.0,42537.12,0.69,0.399,0,2,0,0,Услуги репетитора,0
TXN-2025-002270,KZ_USR_0086,KZ_REC_825,111500.0,KZT,2025-04-17 21:21:45,21,21,3,PAYMENT,1277800.0,72029.33,1.55,0.087,0,1,0,0,Возврат долга,0
TXN-2025-006341,KZ_USR_0435,KZ_REC_159,16400.0,KZT,2025-04-29 09:34:51,9,34,1,PAYMENT,70900.0,33457.09,0.49,0.231,0,2,0,0,Билеты в кино,0
TXN-2025-006496,KZ_USR_0082,KZ_REC_756,94100.0,KZT,2025-05-01 15:00:40,15,0,3,PAYMENT,324600.0,119727.7,0.79,0.29,0,1,1,0,На карманные расходы,0
TXN-2025-014685,KZ_USR_0496,KZ_REC_841,267300.0,KZT,2025-04-30 18:06:01,18,6,2,P2P_TRANSFER,2743000.0,76536.36,3.49,0.097,0,1,0,0,Зарплата,0
TXN-2025-013372,KZ_USR_0219,KZ_REC_565,75700.0,KZT,2025-05-13 15:28:10,15,28,1,MERCHANT,547400.0,123941.26,0.61,0.138,0,1,0,0,Пополнение карты,0
TXN-2025-022644,KZ_USR_0116,KZ_REC_4941,270700.0,KZT,2025-04-23 11:37:28,11,37,2,MERCHANT,2444300.0,159433.69,1.7,0.111,1,1,0,0,Пополнение карты,0
TXN-2025-006958,KZ_USR_1165,KZ_REC_710,48900.0,KZT,2025-04-10 06:33:10,6,33,3,MERCHANT,182100.0,45721.58,1.07,0.269,0,1,0,0,На продукты,0
TXN-2025-006823,KZ_USR_0655,KZ_REC_324,93500.0,KZT,2025-05-24 12:23:57,12,23,5,P2P_TRANSFER,363000.0,89065.53,1.05,0.258,0,1,0,0,Подарок на день рождения,0
TXN-2025-002380,KZ_USR_1167,KZ_REC_786,113600.0,KZT,2025-05-31 11:36:00,11,36,5,MERCHANT,1040200.0,153141.47,0.74,0.109,0,1,0,0,Срочно на карту,0
TXN-2025-008548,KZ_USR_1041,KZ_REC_259,114600.0,KZT,2025-05-02 12:45:57,12,45,4,MERCHANT,1249200.0,106318.61,1.08,0.092,0,1,0,0,Перевод коллеге,0
TXN-2025-019146,KZ_USR_0189,KZ_REC_5495,179200.0,KZT,2025-04-06 16:28:40,16,28,6,P2P_TRANSFER,1693200.0,104744.09,1.71,0.106,1,1,0,0,Подарок на день рождения,0
TXN-2025-007847,KZ_USR_1046,KZ_REC_4775,87800.0,KZT,2025-05-03 09:43:51,9,43,5,MERCHANT,632900.0,118538.11,0.74,0.139,1,1,0,0,Билеты в кино,0
TXN-2025-008498,KZ_USR_1056,KZ_REC_674,98500.0,KZT,2025-05-30 05:23:45,5,23,4,P2P_TRANSFER,507700.0,76113.89,1.29,0.194,0,1,0,0,Билеты в кино,0
TXN-2025-002805,KZ_USR_0072,KZ_REC_807,11300.0,KZT,2025-04-03 22:38:21,22,38,3,PAYMENT,82500.0,51794.51,0.22,0.137,0,2,0,0,Срочно на карту,0
TXN-2025-019258,KZ_USR_0778,KZ_REC_287,69600.0,KZT,2025-05-24 16:04:17,16,4,5,P2P_TRANSFER,452300.0,135560.41,0.51,0.154,0,1,0,0,Услуги репетитора,0
TXN-2025-013799,KZ_USR_0536,KZ_REC_263,49200.0,KZT,2025-05-19 13:48:57,13,48,0,MERCHANT,258300.0,171162.52,0.29,0.19,0,1,0,0,Коммуналка,0
TXN-2025-023781,KZ_USR_1200,KZ_REC_4883,48200.0,KZT,2025-05-01 17:22:35,17,22,3,MERCHANT,117300.0,40813.8,1.18,0.411,1,2,0,0,Оплата кофе,0
TXN-2025-017784,KZ_USR_0504,KZ_REC_555,75100.0,KZT,2025-04-20 13:01:11,13,1,6,PAYMENT,583900.0,150207.2,0.5,0.129,0,1,0,0,Оплата кофе,0
TXN-2025-004313,KZ_USR_0655,KZ_REC_4001,39200.0,KZT,2025-05-25 12:13:47,12,13,6,P2P_TRANSFER,307300.0,89065.53,0.44,0.128,1,1,0,0,Оплата кофе,0
TXN-2025-017388,KZ_USR_0664,KZ_REC_9397,50500.0,KZT,2025-04-07 09:07:41,9,7,0,MERCHANT,256400.0,57956.29,0.87,0.197,1,1,0,0,Аренда жилья,0
TXN-2025-010514,KZ_USR_0542,KZ_REC_5688,85600.0,KZT,2025-05-07 13:43:50,13,43,2,PAYMENT,909100.0,116987.94,0.73,0.094,1,1,0,0,Оплата кофе,0
TXN-2025-004433,KZ_USR_1148,KZ_REC_480,60100.0,KZT,2025-05-23 13:22:54,13,22,4,PAYMENT,530900.0,125352.29,0.48,0.113,0,2,0,0,Срочно на карту,0
TXN-2025-013020,KZ_USR_0010,KZ_REC_180,178700.0,KZT,2025-05-23 08:50:25,8,50,4,PAYMENT,1751300.0,133291.61,1.34,0.102,0,1,0,0,Пополнение карты,0
TXN-2025-011000,KZ_USR_0027,KZ_REC_880,103600.0,KZT,2025-04-19 10:21:53,10,21,5,MERCHANT,587400.0,51947.81,1.99,0.176,0,1,0,0,Перевод коллеге,0
TXN-2025-005833,KZ_USR_0542,KZ_REC_701,179200.0,KZT,2025-05-18 08:44:39,8,44,6,P2P_TRANSFER,1573400.0,116987.94,1.53,0.114,0,2,0,0,На карманные расходы,0
TXN-2025-023021,KZ_USR_0867,KZ_REC_272,29200.0,KZT,2025-05-24 14:18:01,14,18,5,PAYMENT,88000.0,44838.44,0.65,0.332,0,1,0,0,Услуги репетитора,0
TXN-2025-007935,KZ_USR_0578,KZ_REC_197,72400.0,KZT,2025-04-16 19:29:41,19,29,2,PAYMENT,620000.0,168254.02,0.43,0.117,0,1,0,0,Перевод маме,0
TXN-2025-011810,KZ_USR_0620,KZ_REC_892,92100.0,KZT,2025-04-18 14:05:42,14,5,4,MERCHANT,920700.0,139721.55,0.66,0.1,0,1,0,0,На карманные расходы,0
TXN-2025-012579,KZ_USR_0879,KZ_REC_283,23500.0,KZT,2025-05-03 16:29:07,16,29,5,PAYMENT,144900.0,24335.36,0.97,0.162,0,1,0,0,Возврат долга,0
TXN-2025-009425,KZ_USR_0354,KZ_REC_416,36400.0,KZT,2025-05-24 02:00:52,2,0,5,PAYMENT,102800.0,46069.51,0.79,0.354,0,1,0,0,Перевод коллеге,0
TXN-2025-012863,KZ_USR_0272,KZ_REC_732,167100.0,KZT,2025-05-31 16:31:05,16,31,5,PAYMENT,1777700.0,149618.14,1.12,0.094,0,1,0,0,Оплата кофе,0
TXN-2025-015420,KZ_USR_1051,KZ_REC_689,103400.0,KZT,2025-04-23 17:26:20,17,26,2,PAYMENT,872500.0,159952.27,0.65,0.119,0,1,0,0,Перевод маме,0
TXN-2025-011408,KZ_USR_0345,KZ_REC_3524,90800.0,KZT,2025-05-09 11:07:58,11,7,4,MERCHANT,1062800.0,83760.76,1.08,0.085,1,1,0,0,Коммуналка,0
TXN-2025-018695,KZ_USR_0644,KZ_REC_365,56900.0,KZT,2025-05-30 14:38:48,14,38,4,MERCHANT,599100.0,72399.58,0.79,0.095,0,2,0,0,Зарплата,0
TXN-2025-012041,KZ_USR_0536,KZ_REC_665,291000.0,KZT,2025-04-11 09:33:18,9,33,4,P2P_TRANSFER,3435800.0,171162.52,1.7,0.085,0,1,0,0,Возврат долга,0
TXN-2025-016661,KZ_USR_1139,KZ_REC_802,372200.0,KZT,2025-04-01 14:40:26,14,40,1,PAYMENT,3581700.0,96893.85,3.84,0.104,0,1,0,0,Возврат долга,0
TXN-2025-013011,KZ_USR_0060,KZ_REC_7154,75000.0,KZT,2025-05-21 10:42:18,10,42,2,PAYMENT,887700.0,72052.85,1.04,0.084,1,1,0,0,Зарплата,0
TXN-2025-002443,KZ_USR_1010,KZ_REC_596,110100.0,KZT,2025-05-31 11:38:43,11,38,5,MERCHANT,236600.0,98307.99,1.12,0.465,0,1,0,0,Подарок на день рождения,0
TXN-2025-006995,KZ_USR_0381,KZ_REC_395,22200.0,KZT,2025-04-08 12:19:44,12,19,1,PAYMENT,117200.0,38906.37,0.57,0.189,0,1,0,0,Перевод маме,0
TXN-2025-002509,KZ_USR_1170,KZ_REC_816,45300.0,KZT,2025-05-24 14:46:30,14,46,5,P2P_TRANSFER,126000.0,65926.1,0.69,0.36,0,1,0,1,Срочно на карту,0
TXN-2025-013782,KZ_USR_0813,KZ_REC_827,39200.0,KZT,2025-04-25 00:05:36,0,5,4,MERCHANT,297100.0,39946.03,0.98,0.132,0,1,0,0,На продукты,0
TXN-2025-017117,KZ_USR_0528,KZ_REC_671,66500.0,KZT,2025-05-26 01:57:13,1,57,0,P2P_TRANSFER,235600.0,63745.13,1.04,0.282,0,1,0,0,Услуги репетитора,0
TXN-2025-010183,KZ_USR_0148,KZ_REC_298,49200.0,KZT,2025-05-04 13:25:43,13,25,6,P2P_TRANSFER,196800.0,100428.64,0.49,0.25,0,1,0,0,Срочно на карту,0
TXN-2025-018285,KZ_USR_1116,KZ_REC_609,96200.0,KZT,2025-04-08 09:35:10,9,35,1,MERCHANT,1132800.0,112813.79,0.85,0.085,0,1,0,0,Зарплата,0
TXN-2025-017361,KZ_USR_0923,KZ_REC_630,107700.0,KZT,2025-05-16 14:05:40,14,5,4,MERCHANT,993300.0,163128.36,0.66,0.108,0,2,0,0,Возврат долга,0
TXN-2025-002488,KZ_USR_0390,KZ_REC_439,99900.0,KZT,2025-05-28 11:33:38,11,33,2,P2P_TRANSFER,657000.0,149093.56,0.67,0.152,0,1,0,0,Аренда жилья,0
TXN-2025-011445,KZ_USR_0472,KZ_REC_116,335000.0,KZT,2025-04-01 14:48:30,14,48,1,PAYMENT,2735100.0,175180.61,1.91,0.122,0,1,0,0,Билеты в кино,0
TXN-2025-007010,KZ_USR_0961,KZ_REC_9833,21600.0,KZT,2025-04-29 17:54:36,17,54,1,PAYMENT,151000.0,33247.79,0.65,0.143,1,1,0,0,На продукты,0
TXN-2025-013564,KZ_USR_0967,KZ_REC_827,274500.0,KZT,2025-04-27 14:02:40,14,2,6,MERCHANT,2910900.0,135047.34,2.03,0.094,0,1,0,0,Услуги репетитора,0
TXN-2025-008989,KZ_USR_0165,KZ_DROP_7315,216800.0,KZT,2025-05-05 23:34:42,23,34,0,P2P_TRANSFER,324300.0,34446.36,6.29,0.669,1,3,1,1,Перевод коллеге,1
TXN-2025-020482,KZ_USR_0858,KZ_REC_624,205600.0,KZT,2025-04-08 15:52:34,15,52,1,MERCHANT,1806100.0,95530.71,2.15,0.114,0,1,0,0,Срочно на карту,0
TXN-2025-009777,KZ_USR_0162,KZ_REC_819,129700.0,KZT,2025-05-18 13:03:41,13,3,6,P2P_TRANSFER,1370500.0,121168.93,1.07,0.095,0,1,0,0,Срочно на карту,0
TXN-2025-012964,KZ_USR_0999,KZ_REC_262,131200.0,KZT,2025-04-10 15:17:44,15,17,3,P2P_TRANSFER,452400.0,172037.98,0.76,0.29,0,1,0,0,Пополнение карты,0
TXN-2025-016908,KZ_USR_0538,KZ_REC_560,32600.0,KZT,2025-05-29 10:53:31,10,53,3,PAYMENT,124800.0,59575.7,0.55,0.261,0,1,0,0,За бензин,0
TXN-2025-008332,KZ_USR_0316,KZ_REC_164,89000.0,KZT,2025-04-25 19:09:14,19,9,4,PAYMENT,865400.0,131355.87,0.68,0.103,0,1,0,1,Перевод маме,0
TXN-2025-014261,KZ_USR_0810,KZ_DROP_8923,321000.0,KZT,2025-05-13 03:29:00,3,29,1,P2P_TRANSFER,741800.0,38118.09,8.42,0.433,1,3,1,0,Разблокировка карты,1
TXN-2025-023840,KZ_USR_1110,KZ_REC_187,41400.0,KZT,2025-04-10 12:28:57,12,28,3,MERCHANT,373200.0,44623.35,0.93,0.111,0,1,0,0,На продукты,0
TXN-2025-019413,KZ_USR_0617,KZ_REC_329,81100.0,KZT,2025-04-26 13:12:41,13,12,5,MERCHANT,488200.0,29772.47,2.72,0.166,0,1,0,0,Услуги репетитора,0
TXN-2025-002352,KZ_USR_0515,KZ_REC_428,49200.0,KZT,2025-05-28 16:19:59,16,19,2,MERCHANT,493600.0,27234.99,1.81,0.1,0,1,0,0,Зарплата,0
TXN-2025-013054,KZ_USR_0174,KZ_REC_264,49300.0,KZT,2025-04-07 09:11:13,9,11,0,PAYMENT,138200.0,56239.32,0.88,0.357,0,1,0,1,На карманные расходы,0
TXN-2025-020734,KZ_USR_0150,KZ_REC_155,23600.0,KZT,2025-04-27 09:29:53,9,29,6,P2P_TRANSFER,165900.0,64583.43,0.37,0.142,0,1,0,0,Билеты в кино,0
TXN-2025-014063,KZ_USR_1161,KZ_REC_377,396600.0,KZT,2025-05-02 16:33:54,16,33,4,PAYMENT,2673600.0,152130.68,2.61,0.148,0,1,0,0,За бензин,0
TXN-2025-023296,KZ_USR_0796,KZ_REC_155,112600.0,KZT,2025-04-12 13:28:26,13,28,5,PAYMENT,429100.0,159539.83,0.71,0.262,0,1,0,0,Пополнение карты,0
TXN-2025-016519,KZ_USR_0542,KZ_REC_1302,144500.0,KZT,2025-04-25 11:11:15,11,11,4,MERCHANT,731500.0,116987.94,1.24,0.198,1,2,0,0,Подарок на день рождения,0
TXN-2025-015700,KZ_USR_0979,KZ_REC_4596,135600.0,KZT,2025-04-17 22:37:37,22,37,3,PAYMENT,1455500.0,99418.6,1.36,0.093,1,1,0,0,Перевод коллеге,0
TXN-2025-018452,KZ_USR_0850,KZ_REC_164,170800.0,KZT,2025-04-26 20:10:10,20,10,5,PAYMENT,1986100.0,115261.6,1.48,0.086,0,1,0,0,Перевод маме,0
TXN-2025-022443,KZ_USR_0705,KZ_REC_696,30000.0,KZT,2025-04-17 09:53:08,9,53,3,P2P_TRANSFER,209300.0,30140.0,1.0,0.143,0,1,0,0,Зарплата,0
TXN-2025-000518,KZ_USR_0078,KZ_REC_785,14300.0,KZT,2025-04-16 13:59:46,13,59,2,P2P_TRANSFER,143000.0,31847.14,0.45,0.1,0,1,0,0,За бензин,0
TXN-2025-018436,KZ_USR_1014,KZ_REC_560,34600.0,KZT,2025-04-14 19:49:01,19,49,0,MERCHANT,100100.0,26308.29,1.32,0.346,0,1,0,0,Пополнение карты,0
TXN-2025-016871,KZ_USR_0475,KZ_REC_757,91700.0,KZT,2025-05-31 07:20:13,7,20,5,MERCHANT,842600.0,104432.18,0.88,0.109,0,1,0,0,Возврат долга,0
TXN-2025-024400,KZ_USR_0137,KZ_REC_444,85900.0,KZT,2025-05-24 18:17:48,18,17,5,PAYMENT,231900.0,103006.5,0.83,0.37,0,2,0,0,Зарплата,0
TXN-2025-012193,KZ_USR_0977,KZ_REC_281,107700.0,KZT,2025-04-14 21:07:04,21,7,0,P2P_TRANSFER,573600.0,115212.47,0.93,0.188,0,1,0,0,Аренда жилья,0
TXN-2025-010445,KZ_USR_0490,KZ_REC_544,159200.0,KZT,2025-05-01 19:02:54,19,2,3,PAYMENT,1078000.0,162442.21,0.98,0.148,0,1,0,0,Услуги репетитора,0
TXN-2025-019686,KZ_USR_0305,KZ_REC_265,185900.0,KZT,2025-04-28 12:18:45,12,18,0,MERCHANT,1520700.0,136174.61,1.37,0.122,0,1,0,1,Билеты в кино,0
TXN-2025-022495,KZ_USR_0260,KZ_REC_1821,55700.0,KZT,2025-04-29 16:29:45,16,29,1,MERCHANT,639600.0,35548.24,1.57,0.087,1,2,0,0,Оплата обеда,0
TXN-2025-007501,KZ_USR_1194,KZ_REC_547,179200.0,KZT,2025-05-20 09:57:40,9,57,1,MERCHANT,1522200.0,119346.48,1.5,0.118,0,1,0,0,Пополнение карты,0
TXN-2025-008154,KZ_USR_0479,KZ_REC_109,283100.0,KZT,2025-05-30 14:48:45,14,48,4,MERCHANT,2427300.0,175088.41,1.62,0.117,0,1,0,0,Возврат долга,0
TXN-2025-001728,KZ_USR_0086,KZ_REC_825,82900.0,KZT,2025-04-03 18:19:00,18,19,3,PAYMENT,217100.0,72029.33,1.15,0.382,0,2,0,0,Зарплата,0
TXN-2025-015399,KZ_USR_0591,KZ_REC_391,28000.0,KZT,2025-05-29 15:03:24,15,3,3,PAYMENT,151700.0,42212.35,0.66,0.185,0,1,0,0,Услуги репетитора,0
TXN-2025-003776,KZ_USR_0402,KZ_REC_8658,130100.0,KZT,2025-05-07 09:02:44,9,2,2,P2P_TRANSFER,1026100.0,164408.47,0.79,0.127,1,1,0,0,Перевод коллеге,0
TXN-2025-008052,KZ_USR_0426,KZ_REC_3899,147600.0,KZT,2025-04-15 17:25:46,17,25,1,P2P_TRANSFER,334000.0,107924.62,1.37,0.442,1,1,0,0,Перевод коллеге,0
TXN-2025-011575,KZ_USR_0057,KZ_REC_9369,71700.0,KZT,2025-04-30 18:32:04,18,32,2,MERCHANT,718700.0,34158.8,2.1,0.1,1,1,0,0,Аренда жилья,0
TXN-2025-007252,KZ_USR_1035,KZ_REC_9777,36400.0,KZT,2025-04-15 10:26:04,10,26,1,PAYMENT,231900.0,32312.51,1.13,0.157,1,1,1,0,Зарплата,0
TXN-2025-014717,KZ_USR_0316,KZ_REC_611,180400.0,KZT,2025-05-13 10:21:26,10,21,1,MERCHANT,1574300.0,131355.87,1.37,0.115,0,1,0,0,Перевод маме,0
TXN-2025-003166,KZ_USR_0278,KZ_REC_256,36000.0,KZT,2025-04-19 09:58:00,9,58,5,P2P_TRANSFER,264100.0,123994.23,0.29,0.136,0,1,0,1,На продукты,0
TXN-2025-019892,KZ_USR_0094,KZ_REC_693,131400.0,KZT,2025-05-16 11:45:03,11,45,4,PAYMENT,468500.0,109804.35,1.2,0.28,0,1,0,0,Зарплата,0
TXN-2025-017159,KZ_USR_0260,KZ_REC_478,17800.0,KZT,2025-04-05 18:14:14,18,14,5,P2P_TRANSFER,115400.0,35548.24,0.5,0.154,0,1,0,0,Оплата кофе,0
TXN-2025-004335,KZ_USR_0893,KZ_REC_144,70200.0,KZT,2025-05-31 16:04:20,16,4,5,P2P_TRANSFER,842300.0,152835.18,0.46,0.083,0,1,0,0,На карманные расходы,0
TXN-2025-004569,KZ_USR_0599,KZ_REC_730,39800.0,KZT,2025-04-28 08:50:39,8,50,0,MERCHANT,123900.0,50766.24,0.78,0.321,0,2,0,0,Возврат долга,0
TXN-2025-004184,KZ_USR_0662,KZ_REC_138,413900.0,KZT,2025-05-16 09:57:43,9,57,4,PAYMENT,3564200.0,177842.44,2.33,0.116,0,1,0,1,Перевод маме,0
TXN-2025-019281,KZ_USR_0740,KZ_REC_467,54800.0,KZT,2025-05-09 18:52:31,18,52,4,P2P_TRANSFER,560600.0,80311.11,0.68,0.098,0,1,0,0,Срочно на карту,0
TXN-2025-005311,KZ_USR_0297,KZ_REC_2314,136900.0,KZT,2025-05-20 13:02:53,13,2,1,P2P_TRANSFER,1134700.0,143198.97,0.96,0.121,1,1,0,0,Зарплата,0
TXN-2025-004856,KZ_USR_0875,KZ_REC_474,26200.0,KZT,2025-05-01 13:25:23,13,25,3,P2P_TRANSFER,84900.0,24061.82,1.09,0.309,0,1,0,0,Пополнение карты,0
TXN-2025-017966,KZ_USR_1013,KZ_REC_5746,158700.0,KZT,2025-04-03 11:42:20,11,42,3,MERCHANT,1145000.0,171049.49,0.93,0.139,1,1,0,0,Возврат долга,0
TXN-2025-024606,KZ_USR_0805,KZ_REC_104,94600.0,KZT,2025-04-27 14:45:27,14,45,6,MERCHANT,969700.0,87860.91,1.08,0.098,0,1,0,0,Возврат долга,0
TXN-2025-000677,KZ_USR_0913,KZ_REC_308,92500.0,KZT,2025-05-30 13:06:04,13,6,4,PAYMENT,635600.0,119863.83,0.77,0.146,0,1,1,0,За бензин,0
TXN-2025-003810,KZ_USR_0760,KZ_REC_851,202600.0,KZT,2025-04-29 10:24:29,10,24,1,P2P_TRANSFER,2056300.0,146175.55,1.39,0.099,0,1,0,0,Оплата обеда,0
TXN-2025-010821,KZ_USR_1198,KZ_REC_610,119300.0,KZT,2025-04-11 14:07:09,14,7,4,MERCHANT,1359200.0,175020.46,0.68,0.088,0,1,0,0,Оплата обеда,0
TXN-2025-004205,KZ_USR_0676,KZ_REC_111,164800.0,KZT,2025-04-06 11:25:16,11,25,6,P2P_TRANSFER,1304100.0,177180.58,0.93,0.126,0,1,0,0,За бензин,0
TXN-2025-013584,KZ_USR_0946,KZ_REC_503,45800.0,KZT,2025-04-07 18:13:48,18,13,0,MERCHANT,257700.0,21759.33,2.1,0.178,0,1,0,0,Оплата обеда,0
TXN-2025-024565,KZ_USR_0267,KZ_REC_222,110100.0,KZT,2025-05-07 16:38:30,16,38,2,PAYMENT,507100.0,131522.52,0.84,0.217,0,1,0,0,Коммуналка,0
TXN-2025-024997,KZ_USR_0665,KZ_REC_122,32400.0,KZT,2025-05-18 13:42:35,13,42,6,P2P_TRANSFER,383000.0,36285.2,0.89,0.085,0,1,0,0,Билеты в кино,0
TXN-2025-018380,KZ_USR_0464,KZ_DROP_1902,432300.0,KZT,2025-04-29 13:32:42,13,32,1,P2P_TRANSFER,491900.0,113339.0,3.81,0.879,1,2,1,1,Коммуналка,1
TXN-2025-008782,KZ_USR_0510,KZ_REC_375,169900.0,KZT,2025-05-30 16:48:21,16,48,4,PAYMENT,1618800.0,136115.12,1.25,0.105,0,1,0,0,Оплата обеда,0
TXN-2025-010546,KZ_USR_0827,KZ_REC_222,143600.0,KZT,2025-05-26 12:26:28,12,26,0,MERCHANT,649100.0,75415.36,1.9,0.221,0,1,0,0,Перевод коллеге,0
TXN-2025-006460,KZ_USR_0629,KZ_REC_865,40500.0,KZT,2025-04-03 05:44:42,5,44,3,PAYMENT,448100.0,25869.31,1.57,0.09,0,1,0,0,Зарплата,0
TXN-2025-007601,KZ_USR_1096,KZ_REC_432,45200.0,KZT,2025-05-30 11:25:55,11,25,4,P2P_TRANSFER,292600.0,48244.49,0.94,0.154,0,1,0,0,На продукты,0
TXN-2025-021187,KZ_USR_0096,KZ_REC_869,154300.0,KZT,2025-05-13 12:45:30,12,45,1,P2P_TRANSFER,1771300.0,99007.3,1.56,0.087,0,1,0,0,Подарок на день рождения,0
TXN-2025-003246,KZ_USR_0127,KZ_REC_5188,82500.0,KZT,2025-04-24 16:08:11,16,8,3,P2P_TRANSFER,601100.0,150882.36,0.55,0.137,1,1,0,0,На карманные расходы,0
TXN-2025-000153,KZ_USR_0243,KZ_REC_3332,249200.0,KZT,2025-04-15 16:08:54,16,8,1,PAYMENT,1252500.0,166378.3,1.5,0.199,1,2,0,0,Коммуналка,0
TXN-2025-022911,KZ_USR_0703,KZ_REC_1593,54900.0,KZT,2025-04-08 13:08:12,13,8,1,PAYMENT,153800.0,73856.68,0.74,0.357,1,1,0,0,Перевод маме,0
TXN-2025-011077,KZ_USR_1086,KZ_REC_1876,26700.0,KZT,2025-05-16 09:16:50,9,16,4,PAYMENT,143800.0,94784.24,0.28,0.186,1,2,0,0,Аренда жилья,0
TXN-2025-024734,KZ_USR_0701,KZ_REC_799,101500.0,KZT,2025-04-20 12:38:24,12,38,6,P2P_TRANSFER,333300.0,105214.31,0.96,0.305,0,1,0,0,Услуги репетитора,0
TXN-2025-022416,KZ_USR_0642,KZ_REC_899,45700.0,KZT,2025-04-12 22:13:34,22,13,5,PAYMENT,269000.0,71532.67,0.64,0.17,0,1,0,0,За бензин,0
TXN-2025-011532,KZ_USR_0096,KZ_REC_4384,116300.0,KZT,2025-04-26 14:09:00,14,9,5,PAYMENT,297800.0,99007.3,1.17,0.391,1,1,0,0,Услуги репетитора,0
TXN-2025-017979,KZ_USR_0336,KZ_REC_459,34500.0,KZT,2025-04-30 09:44:08,9,44,2,PAYMENT,340500.0,26516.61,1.3,0.101,0,2,0,0,За бензин,0
TXN-2025-023257,KZ_USR_1006,KZ_REC_446,366100.0,KZT,2025-05-03 11:38:21,11,38,5,MERCHANT,2599200.0,125405.34,2.92,0.141,0,1,0,0,Перевод коллеге,0
TXN-2025-019844,KZ_USR_0054,KZ_REC_588,312500.0,KZT,2025-04-24 09:52:17,9,52,3,MERCHANT,2834400.0,163172.38,1.92,0.11,0,1,0,0,Билеты в кино,0
TXN-2025-023424,KZ_USR_0119,KZ_REC_531,109800.0,KZT,2025-05-10 02:06:33,2,6,5,PAYMENT,694000.0,162809.44,0.67,0.158,0,1,0,0,На карманные расходы,0
TXN-2025-010638,KZ_USR_0690,KZ_REC_507,24100.0,KZT,2025-05-29 11:36:22,11,36,3,MERCHANT,210700.0,49927.0,0.48,0.114,0,1,1,0,Оплата кофе,0
TXN-2025-016766,KZ_USR_0334,KZ_REC_2902,156800.0,KZT,2025-05-20 04:57:40,4,57,1,P2P_TRANSFER,581800.0,38571.62,4.07,0.27,1,2,0,0,Перевод маме,0
TXN-2025-023882,KZ_USR_0790,KZ_REC_663,130000.0,KZT,2025-04-05 21:29:16,21,29,5,MERCHANT,340700.0,171565.33,0.76,0.382,0,2,0,0,Оплата кофе,0
TXN-2025-015707,KZ_USR_1029,KZ_REC_2521,391100.0,KZT,2025-05-21 22:59:54,22,59,2,MERCHANT,1895700.0,71056.08,5.5,0.206,1,1,0,0,Зарплата,0
TXN-2025-003830,KZ_USR_0141,KZ_REC_587,111100.0,KZT,2025-05-05 14:45:46,14,45,0,PAYMENT,759600.0,173991.57,0.64,0.146,0,1,1,0,Коммуналка,0
TXN-2025-017254,KZ_USR_0533,KZ_REC_7100,130900.0,KZT,2025-05-03 13:26:12,13,26,5,PAYMENT,796300.0,179461.89,0.73,0.164,1,1,0,0,За бензин,0
TXN-2025-002366,KZ_USR_0022,KZ_REC_241,70500.0,KZT,2025-04-11 08:55:26,8,55,4,PAYMENT,696100.0,42319.02,1.67,0.101,0,1,0,0,Оплата обеда,0
TXN-2025-003136,KZ_USR_0167,KZ_REC_605,138000.0,KZT,2025-04-12 16:00:47,16,0,5,PAYMENT,962300.0,71324.81,1.93,0.143,0,1,1,0,На продукты,0
TXN-2025-010294,KZ_USR_0772,KZ_REC_2463,192700.0,KZT,2025-04-28 10:54:24,10,54,0,P2P_TRANSFER,674600.0,155432.37,1.24,0.286,1,1,0,0,Срочно на карту,0
TXN-2025-016191,KZ_USR_0600,KZ_REC_417,21000.0,KZT,2025-04-19 13:06:04,13,6,5,MERCHANT,191500.0,26538.98,0.79,0.11,0,1,0,0,Срочно на карту,0
TXN-2025-016585,KZ_USR_0435,KZ_REC_567,21500.0,KZT,2025-05-26 12:18:33,12,18,0,PAYMENT,42000.0,33457.09,0.64,0.512,0,1,0,0,За бензин,0
TXN-2025-001222,KZ_USR_0255,KZ_REC_670,72100.0,KZT,2025-04-07 07:09:54,7,9,0,MERCHANT,629800.0,47118.84,1.53,0.114,0,1,0,0,Подарок на день рождения,0
TXN-2025-010015,KZ_USR_1157,KZ_REC_297,37400.0,KZT,2025-04-09 11:09:48,11,9,2,PAYMENT,339500.0,45376.82,0.82,0.11,0,1,0,0,Билеты в кино,0
TXN-2025-024578,KZ_USR_0945,KZ_REC_614,57000.0,KZT,2025-05-14 22:43:19,22,43,2,PAYMENT,129900.0,53027.4,1.07,0.439,0,1,1,0,Подарок на день рождения,0
TXN-2025-005296,KZ_USR_0174,KZ_REC_264,61200.0,KZT,2025-04-18 09:42:37,9,42,4,MERCHANT,374700.0,56239.32,1.09,0.163,0,1,0,0,На продукты,0
TXN-2025-004640,KZ_USR_1093,KZ_REC_267,61300.0,KZT,2025-04-08 09:47:43,9,47,1,MERCHANT,368700.0,117237.89,0.52,0.166,0,1,0,0,Перевод маме,0
TXN-2025-020295,KZ_USR_0419,KZ_REC_9738,145200.0,KZT,2025-04-27 20:42:04,20,42,6,MERCHANT,990300.0,127602.95,1.14,0.147,1,1,0,0,За бензин,0
TXN-2025-021539,KZ_USR_0354,KZ_REC_188,81200.0,KZT,2025-05-14 14:53:42,14,53,2,MERCHANT,650200.0,46069.51,1.76,0.125,0,1,0,0,Перевод маме,0
TXN-2025-017894,KZ_USR_0459,KZ_REC_159,16700.0,KZT,2025-05-13 20:06:07,20,6,1,P2P_TRANSFER,140900.0,29008.52,0.58,0.119,0,1,0,0,За бензин,0
TXN-2025-015769,KZ_USR_0202,KZ_REC_3298,42400.0,KZT,2025-05-23 21:46:31,21,46,4,PAYMENT,332300.0,33462.39,1.27,0.128,1,2,0,0,Коммуналка,0
TXN-2025-020675,KZ_USR_0241,KZ_REC_722,205700.0,KZT,2025-04-06 08:42:50,8,42,6,MERCHANT,1615500.0,170473.37,1.21,0.127,0,1,0,0,На карманные расходы,0
TXN-2025-021820,KZ_USR_0466,KZ_REC_820,128300.0,KZT,2025-04-07 13:34:19,13,34,0,PAYMENT,996800.0,79979.29,1.6,0.129,0,1,0,0,Возврат долга,0
TXN-2025-022684,KZ_USR_0995,KZ_REC_112,89200.0,KZT,2025-05-31 07:27:45,7,27,5,P2P_TRANSFER,900500.0,77755.82,1.15,0.099,0,3,0,0,Коммуналка,0
TXN-2025-006820,KZ_USR_0993,KZ_REC_813,224000.0,KZT,2025-04-20 13:01:24,13,1,6,MERCHANT,1967200.0,63543.22,3.53,0.114,0,1,0,0,Аренда жилья,0
TXN-2025-015669,KZ_USR_0326,KZ_REC_1567,128600.0,KZT,2025-05-06 07:06:24,7,6,1,MERCHANT,365500.0,138063.51,0.93,0.352,1,1,0,1,За бензин,0
TXN-2025-009406,KZ_USR_0734,KZ_REC_828,58400.0,KZT,2025-04-14 14:30:43,14,30,0,PAYMENT,466000.0,103690.47,0.56,0.125,0,1,0,0,На продукты,0
TXN-2025-023901,KZ_USR_0671,KZ_REC_805,89100.0,KZT,2025-05-27 14:13:44,14,13,1,PAYMENT,660900.0,47739.78,1.87,0.135,0,2,0,0,Перевод маме,0
TXN-2025-016883,KZ_USR_0078,KZ_REC_440,32800.0,KZT,2025-04-19 21:40:40,21,40,5,PAYMENT,305200.0,31847.14,1.03,0.107,0,1,0,0,Возврат долга,0
TXN-2025-005351,KZ_USR_0691,KZ_REC_657,52900.0,KZT,2025-04-09 19:04:16,19,4,2,MERCHANT,417900.0,71788.68,0.74,0.127,0,1,0,0,Оплата обеда,0
TXN-2025-014567,KZ_USR_0060,KZ_REC_869,37100.0,KZT,2025-04-06 11:46:47,11,46,6,P2P_TRANSFER,212600.0,72052.85,0.51,0.175,0,1,0,0,Билеты в кино,0
TXN-2025-006876,KZ_USR_0434,KZ_REC_6479,30900.0,KZT,2025-04-29 10:33:11,10,33,1,PAYMENT,334500.0,36179.63,0.85,0.092,1,1,0,0,Коммуналка,0
TXN-2025-013683,KZ_USR_0123,KZ_REC_229,36200.0,KZT,2025-05-22 15:30:09,15,30,3,MERCHANT,77200.0,70880.56,0.51,0.469,0,1,0,0,На карманные расходы,0
TXN-2025-012239,KZ_USR_0502,KZ_REC_733,80700.0,KZT,2025-05-30 13:48:46,13,48,4,P2P_TRANSFER,226700.0,105775.42,0.76,0.356,0,1,0,0,Пополнение карты,0
TXN-2025-018666,KZ_USR_1151,KZ_REC_8584,63600.0,KZT,2025-05-28 06:01:41,6,1,2,PAYMENT,234000.0,133338.08,0.48,0.272,1,2,0,1,Оплата обеда,0
TXN-2025-011783,KZ_USR_1005,KZ_REC_889,101400.0,KZT,2025-04-24 17:03:27,17,3,3,MERCHANT,669200.0,149049.78,0.68,0.152,0,1,0,0,Срочно на карту,0
TXN-2025-005345,KZ_USR_0700,KZ_REC_533,135300.0,KZT,2025-05-16 14:16:50,14,16,4,P2P_TRANSFER,1184600.0,96982.42,1.4,0.114,0,2,0,0,Аренда жилья,0
TXN-2025-012501,KZ_USR_1126,KZ_REC_166,50100.0,KZT,2025-04-19 10:29:59,10,29,5,PAYMENT,458000.0,108137.18,0.46,0.109,0,1,0,0,Аренда жилья,0
TXN-2025-014541,KZ_USR_0909,KZ_REC_826,78900.0,KZT,2025-04-09 13:54:18,13,54,2,PAYMENT,739500.0,61507.75,1.28,0.107,0,1,0,0,Аренда жилья,0
TXN-2025-002768,KZ_USR_0492,KZ_REC_8486,226600.0,KZT,2025-05-01 06:31:11,6,31,3,P2P_TRANSFER,1315400.0,119221.22,1.9,0.172,1,2,0,0,Перевод маме,0
TXN-2025-005230,KZ_USR_1081,KZ_REC_1355,181700.0,KZT,2025-04-23 09:42:42,9,42,2,PAYMENT,730000.0,145815.2,1.25,0.249,1,1,0,0,За бензин,0
TXN-2025-016189,KZ_USR_0027,KZ_REC_405,33700.0,KZT,2025-05-26 12:38:58,12,38,0,PAYMENT,356300.0,51947.81,0.65,0.095,0,2,0,0,Перевод маме,0
TXN-2025-008807,KZ_USR_1164,KZ_REC_188,70000.0,KZT,2025-04-19 20:35:52,20,35,5,PAYMENT,699100.0,138961.32,0.5,0.1,0,1,0,0,Перевод коллеге,0
TXN-2025-011777,KZ_USR_0361,KZ_REC_6549,143600.0,KZT,2025-04-19 12:49:33,12,49,5,P2P_TRANSFER,1236700.0,82107.19,1.75,0.116,1,1,0,0,Оплата кофе,0
TXN-2025-002003,KZ_USR_1175,KZ_REC_344,122800.0,KZT,2025-04-23 22:24:07,22,24,2,PAYMENT,1033700.0,121440.91,1.01,0.119,0,2,0,0,Зарплата,0
TXN-2025-011859,KZ_USR_1138,KZ_REC_431,67200.0,KZT,2025-05-24 07:02:12,7,2,5,P2P_TRANSFER,640400.0,99223.44,0.68,0.105,0,1,0,0,Перевод коллеге,0
TXN-2025-006488,KZ_USR_0279,KZ_REC_677,173900.0,KZT,2025-05-16 14:39:56,14,39,4,P2P_TRANSFER,1658000.0,132314.7,1.31,0.105,0,1,0,0,Оплата обеда,0
TXN-2025-015720,KZ_USR_0252,KZ_REC_691,370200.0,KZT,2025-05-02 13:54:56,13,54,4,P2P_TRANSFER,2912400.0,81615.64,4.54,0.127,0,1,0,0,Аренда жилья,0
TXN-2025-021589,KZ_USR_0820,KZ_REC_563,240300.0,KZT,2025-05-23 21:02:33,21,2,4,MERCHANT,2239600.0,73631.56,3.26,0.107,0,1,0,0,Оплата кофе,0
TXN-2025-022374,KZ_USR_0945,KZ_REC_614,15700.0,KZT,2025-05-19 20:39:15,20,39,0,MERCHANT,104400.0,53027.4,0.3,0.15,0,2,0,0,За бензин,0
TXN-2025-013414,KZ_USR_0546,KZ_REC_6246,110700.0,KZT,2025-04-08 13:33:55,13,33,1,PAYMENT,563800.0,77306.03,1.43,0.196,1,1,0,0,Перевод маме,0
TXN-2025-021253,KZ_USR_1050,KZ_REC_789,56000.0,KZT,2025-05-26 10:00:03,10,0,0,PAYMENT,484700.0,23403.11,2.39,0.116,0,1,1,0,Пополнение карты,0
TXN-2025-023348,KZ_USR_1027,KZ_REC_179,258200.0,KZT,2025-05-14 13:50:23,13,50,2,PAYMENT,3008200.0,157926.82,1.63,0.086,0,2,0,0,Оплата обеда,0
TXN-2025-010204,KZ_USR_0939,KZ_REC_1175,46600.0,KZT,2025-04-23 17:25:05,17,25,2,P2P_TRANSFER,408500.0,38840.17,1.2,0.114,1,1,0,0,На карманные расходы,0
TXN-2025-015719,KZ_USR_0653,KZ_REC_119,63100.0,KZT,2025-05-05 11:21:08,11,21,0,P2P_TRANSFER,340600.0,113894.58,0.55,0.185,0,1,0,0,Оплата обеда,0
TXN-2025-001021,KZ_USR_0922,KZ_REC_279,104900.0,KZT,2025-05-18 06:53:27,6,53,6,MERCHANT,1054900.0,97988.99,1.07,0.099,0,1,0,0,Услуги репетитора,0
TXN-2025-011115,KZ_USR_0398,KZ_REC_674,62000.0,KZT,2025-05-22 11:47:43,11,47,3,PAYMENT,425400.0,88639.04,0.7,0.146,0,1,0,0,Срочно на карту,0
TXN-2025-017413,KZ_USR_0505,KZ_REC_235,115100.0,KZT,2025-05-11 21:52:46,21,52,6,PAYMENT,1305900.0,129556.99,0.89,0.088,0,1,1,0,Перевод маме,0
TXN-2025-008660,KZ_USR_0892,KZ_REC_315,114300.0,KZT,2025-05-09 07:23:45,7,23,4,PAYMENT,379900.0,156911.43,0.73,0.301,0,1,0,0,Перевод маме,0
TXN-2025-004800,KZ_USR_1038,KZ_REC_630,104800.0,KZT,2025-05-19 08:16:59,8,16,0,PAYMENT,629000.0,135962.68,0.77,0.167,0,1,0,0,Услуги репетитора,0
TXN-2025-004810,KZ_USR_1175,KZ_REC_735,365100.0,KZT,2025-04-06 21:26:43,21,26,6,MERCHANT,1861300.0,121440.91,3.01,0.196,0,1,0,0,Возврат долга,0
TXN-2025-014372,KZ_USR_1064,KZ_REC_412,69500.0,KZT,2025-04-07 11:10:38,11,10,0,MERCHANT,458300.0,86842.69,0.8,0.152,0,1,0,0,Срочно на карту,0
TXN-2025-012350,KZ_USR_0610,KZ_REC_680,136800.0,KZT,2025-05-18 21:14:20,21,14,6,P2P_TRANSFER,1582900.0,130463.17,1.05,0.086,0,1,0,0,Услуги репетитора,0
TXN-2025-003407,KZ_USR_0570,KZ_REC_814,159600.0,KZT,2025-04-12 09:51:58,9,51,5,P2P_TRANSFER,849300.0,75720.87,2.11,0.188,0,2,0,0,На продукты,0
TXN-2025-015978,KZ_USR_0596,KZ_REC_582,153500.0,KZT,2025-05-28 17:35:47,17,35,2,P2P_TRANSFER,499900.0,95833.86,1.6,0.307,0,1,1,0,Подарок на день рождения,0
TXN-2025-012186,KZ_USR_0934,KZ_REC_364,104000.0,KZT,2025-04-03 17:25:09,17,25,3,MERCHANT,1076900.0,104110.43,1.0,0.097,0,1,0,0,Перевод маме,0
TXN-2025-015677,KZ_USR_0440,KZ_REC_530,57000.0,KZT,2025-04-25 07:09:27,7,9,4,P2P_TRANSFER,417100.0,33015.8,1.73,0.137,0,1,0,0,Срочно на карту,0
TXN-2025-012053,KZ_USR_0824,KZ_REC_2955,91300.0,KZT,2025-05-03 12:39:00,12,39,5,PAYMENT,245500.0,83706.99,1.09,0.372,1,1,0,0,Перевод коллеге,0
TXN-2025-014855,KZ_USR_0446,KZ_REC_842,78800.0,KZT,2025-05-18 09:26:30,9,26,6,P2P_TRANSFER,788100.0,171559.77,0.46,0.1,0,3,0,0,Подарок на день рождения,0
TXN-2025-015661,KZ_USR_0824,KZ_REC_330,171900.0,KZT,2025-05-02 05:23:47,5,23,4,MERCHANT,337700.0,83706.99,2.05,0.509,0,1,0,0,На карманные расходы,0
TXN-2025-016272,KZ_USR_0480,KZ_REC_7174,151900.0,KZT,2025-05-25 17:15:03,17,15,6,PAYMENT,1531600.0,103695.66,1.46,0.099,1,1,0,0,Срочно на карту,0
TXN-2025-016459,KZ_USR_0480,KZ_REC_5533,87200.0,KZT,2025-05-25 11:24:18,11,24,6,MERCHANT,727700.0,103695.66,0.84,0.12,1,1,0,0,За бензин,0
TXN-2025-007752,KZ_USR_0173,KZ_REC_456,52900.0,KZT,2025-05-21 11:40:19,11,40,2,P2P_TRANSFER,297700.0,101934.89,0.52,0.178,0,1,0,0,Пополнение карты,0
TXN-2025-021265,KZ_USR_1089,KZ_REC_9613,177700.0,KZT,2025-04-01 01:22:25,1,22,1,P2P_TRANSFER,1704800.0,178586.98,1.0,0.104,1,1,0,0,Возврат долга,0
TXN-2025-020500,KZ_USR_0769,KZ_REC_466,55300.0,KZT,2025-05-05 20:13:04,20,13,0,MERCHANT,636400.0,74733.08,0.74,0.087,0,1,0,0,На продукты,0
TXN-2025-022484,KZ_USR_1067,KZ_REC_3480,64500.0,KZT,2025-05-01 08:46:59,8,46,3,P2P_TRANSFER,264500.0,58204.34,1.11,0.244,1,1,0,0,Оплата обеда,0
TXN-2025-008126,KZ_USR_0309,KZ_REC_154,155700.0,KZT,2025-05-04 14:21:20,14,21,6,PAYMENT,1131100.0,147229.79,1.06,0.138,0,2,0,1,Подарок на день рождения,0
TXN-2025-014014,KZ_USR_0322,KZ_REC_8802,143300.0,KZT,2025-04-05 12:47:05,12,47,5,MERCHANT,402500.0,134335.35,1.07,0.356,1,2,0,0,Услуги репетитора,0
TXN-2025-004180,KZ_USR_0102,KZ_REC_355,57200.0,KZT,2025-05-13 08:19:06,8,19,1,MERCHANT,337700.0,121825.67,0.47,0.169,0,2,0,0,Срочно на карту,0
TXN-2025-023756,KZ_USR_1092,KZ_REC_614,145400.0,KZT,2025-05-10 11:33:27,11,33,5,MERCHANT,1163300.0,123943.46,1.17,0.125,0,1,0,0,За бензин,0
TXN-2025-007383,KZ_USR_0515,KZ_REC_442,21800.0,KZT,2025-05-01 08:31:12,8,31,3,P2P_TRANSFER,246600.0,27234.99,0.8,0.088,0,1,0,0,Возврат долга,0
TXN-2025-024303,KZ_USR_0485,KZ_REC_346,58600.0,KZT,2025-05-30 20:50:47,20,50,4,PAYMENT,523700.0,113490.29,0.52,0.112,0,1,0,0,Услуги репетитора,0
TXN-2025-020522,KZ_USR_0581,KZ_REC_812,51100.0,KZT,2025-04-10 11:12:25,11,12,3,PAYMENT,510500.0,93461.72,0.55,0.1,0,1,0,0,На карманные расходы,0
TXN-2025-023274,KZ_USR_0394,KZ_REC_7631,262300.0,KZT,2025-05-05 22:48:41,22,48,0,P2P_TRANSFER,2044900.0,144226.07,1.82,0.128,1,2,0,0,Билеты в кино,0
TXN-2025-010694,KZ_USR_0089,KZ_REC_837,195100.0,KZT,2025-05-17 07:49:07,7,49,5,MERCHANT,933700.0,161954.04,1.2,0.209,0,1,0,0,Перевод коллеге,0
TXN-2025-008795,KZ_USR_0256,KZ_REC_880,106700.0,KZT,2025-05-11 11:22:48,11,22,6,P2P_TRANSFER,558100.0,109088.2,0.98,0.191,0,3,0,0,Подарок на день рождения,0
TXN-2025-001618,KZ_USR_0662,KZ_REC_8392,320200.0,KZT,2025-04-20 11:35:49,11,35,6,MERCHANT,2403400.0,177842.44,1.8,0.133,1,3,0,0,Зарплата,0
TXN-2025-023955,KZ_USR_0445,KZ_REC_454,237900.0,KZT,2025-04-02 11:32:42,11,32,2,PAYMENT,2578400.0,150047.93,1.59,0.092,0,1,0,0,На продукты,0
TXN-2025-018496,KZ_USR_0180,KZ_REC_5561,59400.0,KZT,2025-05-11 20:44:31,20,44,6,MERCHANT,658600.0,42003.35,1.41,0.09,1,1,0,0,Оплата обеда,0
TXN-2025-004040,KZ_USR_1084,KZ_REC_9135,122900.0,KZT,2025-04-13 12:40:17,12,40,6,MERCHANT,1197500.0,160658.93,0.76,0.103,1,1,0,0,Оплата обеда,0
TXN-2025-021013,KZ_USR_0917,KZ_REC_319,108100.0,KZT,2025-04-28 11:35:30,11,35,0,MERCHANT,731200.0,67114.52,1.61,0.148,0,1,1,0,Оплата кофе,0
TXN-2025-000975,KZ_USR_0902,KZ_REC_800,43400.0,KZT,2025-05-12 07:48:29,7,48,0,PAYMENT,495300.0,24245.15,1.79,0.088,0,1,1,0,Перевод маме,0
TXN-2025-006481,KZ_USR_1025,KZ_REC_4861,51200.0,KZT,2025-04-27 13:54:11,13,54,6,PAYMENT,563300.0,171082.64,0.3,0.091,1,1,0,0,Срочно на карту,0
TXN-2025-006792,KZ_USR_0953,KZ_REC_7407,33100.0,KZT,2025-05-11 18:56:49,18,56,6,P2P_TRANSFER,309000.0,48059.4,0.69,0.107,1,1,0,0,Перевод маме,0
TXN-2025-024277,KZ_USR_1020,KZ_REC_198,15400.0,KZT,2025-04-09 11:00:39,11,0,2,P2P_TRANSFER,104500.0,25431.36,0.61,0.147,0,1,0,0,Услуги репетитора,0
TXN-2025-008730,KZ_USR_0214,KZ_REC_9419,101900.0,KZT,2025-04-24 17:59:08,17,59,3,P2P_TRANSFER,763800.0,55883.09,1.82,0.133,1,1,0,0,Билеты в кино,0
TXN-2025-024050,KZ_USR_0816,KZ_REC_392,113000.0,KZT,2025-05-19 18:59:01,18,59,0,MERCHANT,1124900.0,103014.09,1.1,0.1,0,2,0,0,Оплата кофе,0
TXN-2025-023256,KZ_USR_0688,KZ_REC_2563,132800.0,KZT,2025-05-19 16:34:49,16,34,0,MERCHANT,718600.0,64796.65,2.05,0.185,1,1,0,0,Аренда жилья,0
TXN-2025-006798,KZ_USR_0721,KZ_REC_452,255000.0,KZT,2025-05-27 08:56:39,8,56,1,P2P_TRANSFER,2940400.0,170134.47,1.5,0.087,0,2,0,0,За бензин,0
TXN-2025-014512,KZ_USR_1196,KZ_REC_535,85500.0,KZT,2025-05-12 12:00:41,12,0,0,P2P_TRANSFER,490700.0,159445.89,0.54,0.174,0,1,0,0,Перевод коллеге,0
TXN-2025-009102,KZ_USR_1126,KZ_REC_876,80600.0,KZT,2025-05-20 14:28:52,14,28,1,PAYMENT,240800.0,108137.18,0.75,0.335,0,1,1,0,Перевод маме,0
TXN-2025-019323,KZ_USR_0867,KZ_REC_272,159100.0,KZT,2025-05-03 06:07:42,6,7,5,PAYMENT,865400.0,44838.44,3.55,0.184,0,1,0,0,На карманные расходы,0
TXN-2025-007742,KZ_USR_0534,KZ_REC_827,174000.0,KZT,2025-04-20 21:17:57,21,17,6,PAYMENT,345100.0,108869.07,1.6,0.504,0,1,0,0,Возврат долга,0
TXN-2025-009810,KZ_USR_0431,KZ_REC_640,31700.0,KZT,2025-04-23 21:53:02,21,53,2,P2P_TRANSFER,281900.0,42878.67,0.74,0.112,0,1,1,0,На продукты,0
TXN-2025-001520,KZ_USR_0927,KZ_REC_305,48500.0,KZT,2025-04-10 12:09:47,12,9,3,P2P_TRANSFER,454400.0,62988.38,0.77,0.107,0,3,0,0,Билеты в кино,0
TXN-2025-003092,KZ_USR_0547,KZ_REC_810,18300.0,KZT,2025-05-29 11:27:37,11,27,3,P2P_TRANSFER,77400.0,38169.21,0.48,0.236,0,1,0,0,Коммуналка,0
TXN-2025-001005,KZ_USR_0161,KZ_REC_133,166400.0,KZT,2025-04-05 13:59:14,13,59,5,MERCHANT,1601800.0,78845.3,2.11,0.104,0,2,0,0,Билеты в кино,0
TXN-2025-007153,KZ_USR_0846,KZ_REC_671,57000.0,KZT,2025-05-11 11:05:02,11,5,6,MERCHANT,576100.0,86339.86,0.66,0.099,0,1,0,0,Перевод маме,0
TXN-2025-002647,KZ_USR_0351,KZ_REC_470,51800.0,KZT,2025-05-13 19:49:36,19,49,1,PAYMENT,313100.0,100501.8,0.52,0.165,0,1,0,0,Возврат долга,0
TXN-2025-008726,KZ_USR_1171,KZ_REC_215,118900.0,KZT,2025-05-22 12:54:03,12,54,3,MERCHANT,1281800.0,118708.31,1.0,0.093,0,1,0,0,Подарок на день рождения,0
TXN-2025-022102,KZ_USR_0509,KZ_REC_842,144600.0,KZT,2025-04-04 14:46:09,14,46,4,MERCHANT,1092700.0,171967.99,0.84,0.132,0,1,0,0,Подарок на день рождения,0
TXN-2025-000256,KZ_USR_0760,KZ_REC_316,119700.0,KZT,2025-04-09 18:57:35,18,57,2,PAYMENT,616200.0,146175.55,0.82,0.194,0,1,0,0,Аренда жилья,0
TXN-2025-008165,KZ_USR_0035,KZ_REC_9228,115600.0,KZT,2025-05-13 20:10:14,20,10,1,MERCHANT,475700.0,174501.13,0.66,0.243,1,2,0,0,Пополнение карты,0
TXN-2025-002913,KZ_USR_1144,KZ_REC_801,83000.0,KZT,2025-05-04 09:43:55,9,43,6,PAYMENT,158900.0,110517.11,0.75,0.522,0,1,0,0,Перевод маме,0
TXN-2025-006280,KZ_USR_0660,KZ_REC_820,112800.0,KZT,2025-05-02 11:20:37,11,20,4,PAYMENT,718400.0,111324.53,1.01,0.157,0,1,0,0,Подарок на день рождения,0
TXN-2025-015886,KZ_USR_0839,KZ_REC_556,105200.0,KZT,2025-05-26 09:22:00,9,22,0,PAYMENT,1025900.0,112894.14,0.93,0.103,0,1,0,0,На карманные расходы,0
TXN-2025-004356,KZ_USR_0749,KZ_DROP_5078,609800.0,KZT,2025-05-23 18:13:19,18,13,4,P2P_TRANSFER,1301300.0,165035.54,3.69,0.469,1,3,1,0,Оплата обеда,1
TXN-2025-012230,KZ_USR_0842,KZ_REC_315,100100.0,KZT,2025-04-26 08:32:01,8,32,5,PAYMENT,986100.0,126165.98,0.79,0.102,0,1,0,0,Коммуналка,0
TXN-2025-020005,KZ_USR_1055,KZ_REC_814,165000.0,KZT,2025-05-13 09:57:44,9,57,1,MERCHANT,1496500.0,179669.46,0.92,0.11,0,1,0,0,На карманные расходы,0
TXN-2025-000535,KZ_USR_1026,KZ_REC_825,370600.0,KZT,2025-05-17 11:46:23,11,46,5,PAYMENT,2515400.0,95874.27,3.87,0.147,0,1,0,0,Срочно на карту,0
TXN-2025-024022,KZ_USR_0568,KZ_REC_811,79300.0,KZT,2025-04-15 09:12:34,9,12,1,P2P_TRANSFER,374100.0,89995.99,0.88,0.212,0,1,0,0,Оплата кофе,0
TXN-2025-010916,KZ_USR_0555,KZ_REC_9820,56900.0,KZT,2025-05-04 15:10:47,15,10,6,PAYMENT,525900.0,160264.58,0.36,0.108,1,1,0,0,На продукты,0
TXN-2025-024771,KZ_USR_0353,KZ_REC_686,92400.0,KZT,2025-05-09 03:19:14,3,19,4,MERCHANT,1088900.0,125390.98,0.74,0.085,0,2,1,0,Коммуналка,0
TXN-2025-002839,KZ_USR_0674,KZ_REC_343,187000.0,KZT,2025-04-01 14:56:13,14,56,1,P2P_TRANSFER,1862200.0,103921.82,1.8,0.1,0,2,0,0,Перевод маме,0
TXN-2025-018059,KZ_USR_0193,KZ_REC_439,118800.0,KZT,2025-04-24 12:31:46,12,31,3,MERCHANT,831600.0,164066.89,0.72,0.143,0,1,0,0,Подарок на день рождения,0
TXN-2025-001342,KZ_USR_0515,KZ_REC_766,40100.0,KZT,2025-05-16 13:35:42,13,35,4,MERCHANT,335600.0,27234.99,1.47,0.119,0,1,0,0,Зарплата,0
TXN-2025-006250,KZ_USR_0126,KZ_REC_896,90600.0,KZT,2025-04-19 07:00:35,7,0,5,P2P_TRANSFER,650800.0,88337.25,1.03,0.139,0,1,0,0,Пополнение карты,0
TXN-2025-004277,KZ_USR_0579,KZ_REC_588,116900.0,KZT,2025-05-09 14:10:01,14,10,4,PAYMENT,712300.0,98738.61,1.18,0.164,0,1,0,0,За бензин,0
TXN-2025-010253,KZ_USR_0582,KZ_REC_4377,291200.0,KZT,2025-05-20 11:38:31,11,38,1,PAYMENT,1290100.0,176805.21,1.65,0.226,1,1,0,0,Перевод коллеге,0
TXN-2025-007025,KZ_USR_0048,KZ_REC_8210,79200.0,KZT,2025-04-02 17:17:57,17,17,2,PAYMENT,728400.0,103210.88,0.77,0.109,1,3,0,0,Возврат долга,0
TXN-2025-010006,KZ_USR_0462,KZ_REC_295,208300.0,KZT,2025-05-02 09:40:49,9,40,4,MERCHANT,1134100.0,123873.65,1.68,0.184,0,1,0,0,Возврат долга,0
TXN-2025-016553,KZ_USR_0852,KZ_REC_388,525000.0,KZT,2025-05-12 12:46:47,12,46,0,MERCHANT,5582000.0,139993.68,3.75,0.094,0,1,0,0,Перевод коллеге,0
TXN-2025-014566,KZ_USR_0481,KZ_REC_116,188100.0,KZT,2025-04-24 09:16:03,9,16,3,PAYMENT,1834500.0,120703.78,1.56,0.103,0,2,0,0,За бензин,0
TXN-2025-013358,KZ_USR_0289,KZ_REC_893,51800.0,KZT,2025-05-11 18:20:42,18,20,6,MERCHANT,550900.0,65846.6,0.79,0.094,0,1,0,0,Оплата кофе,0
TXN-2025-005507,KZ_USR_1194,KZ_REC_838,241200.0,KZT,2025-04-07 23:08:07,23,8,0,P2P_TRANSFER,532200.0,119346.48,2.02,0.453,0,1,0,0,Пополнение карты,0
TXN-2025-003589,KZ_USR_0378,KZ_REC_210,65300.0,KZT,2025-05-24 14:21:24,14,21,5,P2P_TRANSFER,290300.0,23723.51,2.75,0.225,0,1,0,0,Услуги репетитора,0
TXN-2025-019417,KZ_USR_0467,KZ_REC_665,144600.0,KZT,2025-05-14 19:21:37,19,21,2,MERCHANT,458000.0,65713.93,2.2,0.316,0,3,0,0,Билеты в кино,0
TXN-2025-022022,KZ_USR_0646,KZ_REC_543,169900.0,KZT,2025-04-20 19:58:53,19,58,6,PAYMENT,1711500.0,162484.36,1.05,0.099,0,1,0,0,Срочно на карту,0
TXN-2025-017374,KZ_USR_0754,KZ_REC_741,80400.0,KZT,2025-05-14 12:52:51,12,52,2,MERCHANT,581200.0,73584.9,1.09,0.138,0,1,1,0,Аренда жилья,0
TXN-2025-015026,KZ_USR_0907,KZ_REC_237,188600.0,KZT,2025-05-12 12:16:36,12,16,0,MERCHANT,437400.0,150790.97,1.25,0.431,0,1,0,0,Перевод коллеге,0
TXN-2025-016159,KZ_USR_0881,KZ_REC_337,80800.0,KZT,2025-05-23 09:55:10,9,55,4,P2P_TRANSFER,180300.0,56971.97,1.42,0.448,0,2,0,0,Пополнение карты,0
TXN-2025-010168,KZ_USR_0321,KZ_REC_499,120800.0,KZT,2025-05-09 17:01:16,17,1,4,P2P_TRANSFER,865800.0,107876.27,1.12,0.14,0,1,0,0,Оплата обеда,0
TXN-2025-006928,KZ_USR_0111,KZ_REC_8740,88400.0,KZT,2025-04-19 19:54:57,19,54,5,P2P_TRANSFER,195500.0,66360.23,1.33,0.452,1,1,0,0,Перевод коллеге,0
TXN-2025-017670,KZ_USR_0486,KZ_REC_506,55600.0,KZT,2025-04-13 16:54:43,16,54,6,PAYMENT,527000.0,164185.28,0.34,0.106,0,1,0,0,Услуги репетитора,0
TXN-2025-018483,KZ_USR_0515,KZ_REC_407,25300.0,KZT,2025-04-10 13:56:05,13,56,3,PAYMENT,156000.0,27234.99,0.93,0.162,0,3,0,0,Аренда жилья,0
TXN-2025-016298,KZ_USR_0582,KZ_REC_172,283800.0,KZT,2025-05-09 12:43:51,12,43,4,PAYMENT,2474300.0,176805.21,1.61,0.115,0,1,0,0,Срочно на карту,0
TXN-2025-007798,KZ_USR_0235,KZ_REC_5465,57900.0,KZT,2025-05-27 11:12:28,11,12,1,P2P_TRANSFER,397200.0,51238.88,1.13,0.146,1,2,0,0,Перевод маме,0
TXN-2025-022111,KZ_USR_0346,KZ_REC_820,207500.0,KZT,2025-05-26 02:46:16,2,46,0,P2P_TRANSFER,1429100.0,118536.02,1.75,0.145,0,1,0,1,Срочно на карту,0
TXN-2025-024411,KZ_USR_0021,KZ_REC_538,163800.0,KZT,2025-05-20 10:52:06,10,52,1,PAYMENT,818800.0,117896.46,1.39,0.2,0,1,0,0,Срочно на карту,0
TXN-2025-021354,KZ_USR_0958,KZ_REC_3039,72900.0,KZT,2025-05-02 18:04:38,18,4,4,P2P_TRANSFER,640100.0,27514.55,2.65,0.114,1,1,0,0,Коммуналка,0
TXN-2025-005093,KZ_USR_0489,KZ_REC_157,298200.0,KZT,2025-04-18 11:54:28,11,54,4,MERCHANT,2030400.0,172065.84,1.73,0.147,0,1,0,0,За бензин,0
TXN-2025-011456,KZ_USR_0191,KZ_REC_862,44800.0,KZT,2025-05-18 10:24:18,10,24,6,PAYMENT,215300.0,34896.44,1.28,0.208,0,1,0,0,Пополнение карты,0
TXN-2025-005532,KZ_USR_0936,KZ_REC_3182,35700.0,KZT,2025-04-13 07:46:50,7,46,6,MERCHANT,187300.0,63569.17,0.56,0.191,1,2,0,0,Перевод коллеге,0
TXN-2025-000998,KZ_USR_0668,KZ_REC_754,15400.0,KZT,2025-05-07 08:23:53,8,23,2,MERCHANT,96100.0,45709.02,0.34,0.16,0,1,1,0,Оплата обеда,0
TXN-2025-002179,KZ_USR_1165,KZ_REC_710,78800.0,KZT,2025-05-29 14:07:39,14,7,3,P2P_TRANSFER,145400.0,45721.58,1.72,0.542,0,1,0,0,Перевод маме,0
TXN-2025-000416,KZ_USR_0906,KZ_REC_879,146100.0,KZT,2025-04-04 00:19:39,0,19,4,P2P_TRANSFER,390200.0,162827.47,0.9,0.374,0,1,0,0,Оплата обеда,0
TXN-2025-019638,KZ_USR_0248,KZ_REC_195,339800.0,KZT,2025-04-26 14:12:09,14,12,5,PAYMENT,1966700.0,174664.77,1.95,0.173,0,1,0,0,Подарок на день рождения,0
TXN-2025-013179,KZ_USR_1001,KZ_REC_303,104500.0,KZT,2025-05-06 13:48:02,13,48,1,P2P_TRANSFER,508800.0,49621.27,2.11,0.205,0,2,0,0,Услуги репетитора,0
TXN-2025-022156,KZ_USR_0615,KZ_REC_472,227800.0,KZT,2025-04-18 15:49:36,15,49,4,MERCHANT,919600.0,159772.58,1.43,0.248,0,1,0,0,Перевод маме,0
TXN-2025-021687,KZ_USR_0194,KZ_REC_550,62600.0,KZT,2025-05-14 20:13:33,20,13,2,P2P_TRANSFER,698200.0,121296.23,0.52,0.09,0,1,0,0,Аренда жилья,0
TXN-2025-003723,KZ_USR_0281,KZ_REC_552,142800.0,KZT,2025-05-14 20:40:27,20,40,2,PAYMENT,709300.0,162400.85,0.88,0.201,0,1,0,0,Оплата обеда,0
TXN-2025-022888,KZ_USR_0892,KZ_REC_762,275600.0,KZT,2025-05-17 20:29:37,20,29,5,P2P_TRANSFER,2045300.0,156911.43,1.76,0.135,0,1,0,0,Возврат долга,0
TXN-2025-014174,KZ_USR_0610,KZ_DROP_7995,1210400.0,KZT,2025-04-29 10:37:43,10,37,1,P2P_TRANSFER,2729600.0,130463.17,9.28,0.443,1,4,0,0,Быстрый перевод без подтверждения,1
TXN-2025-001948,KZ_USR_0114,KZ_REC_129,49300.0,KZT,2025-05-04 15:56:13,15,56,6,PAYMENT,589600.0,149299.26,0.33,0.084,0,1,1,0,Срочно на карту,0
TXN-2025-016819,KZ_USR_0612,KZ_REC_840,361000.0,KZT,2025-05-02 21:13:51,21,13,4,PAYMENT,2800000.0,147905.66,2.44,0.129,0,1,0,0,Пополнение карты,0
TXN-2025-024618,KZ_USR_0266,KZ_REC_309,127700.0,KZT,2025-04-12 08:07:50,8,7,5,MERCHANT,714100.0,138522.98,0.92,0.179,0,1,0,0,На карманные расходы,0
TXN-2025-020139,KZ_USR_0687,KZ_REC_662,109800.0,KZT,2025-05-26 18:41:04,18,41,0,P2P_TRANSFER,255000.0,111458.03,0.99,0.431,0,2,0,0,Оплата кофе,0
TXN-2025-000201,KZ_USR_0439,KZ_REC_518,317600.0,KZT,2025-04-19 10:16:03,10,16,5,P2P_TRANSFER,2672500.0,132998.76,2.39,0.119,0,1,1,0,Срочно на карту,0
TXN-2025-024152,KZ_USR_0245,KZ_REC_562,19400.0,KZT,2025-04-29 18:44:14,18,44,1,MERCHANT,81500.0,22473.06,0.86,0.238,0,1,0,0,Перевод маме,0
TXN-2025-001518,KZ_USR_0390,KZ_REC_406,106000.0,KZT,2025-04-15 10:37:10,10,37,1,PAYMENT,857500.0,149093.56,0.71,0.124,0,1,1,1,Оплата кофе,0
TXN-2025-003154,KZ_USR_1123,KZ_REC_725,103900.0,KZT,2025-04-16 20:13:20,20,13,2,MERCHANT,823100.0,157940.42,0.66,0.126,0,1,0,0,Срочно на карту,0
TXN-2025-014080,KZ_USR_0429,KZ_REC_650,50200.0,KZT,2025-04-03 12:05:20,12,5,3,P2P_TRANSFER,343100.0,76146.4,0.66,0.146,0,1,0,0,Услуги репетитора,0
TXN-2025-021249,KZ_USR_0821,KZ_REC_498,179600.0,KZT,2025-04-27 17:42:43,17,42,6,MERCHANT,1498300.0,148456.55,1.21,0.12,0,1,0,0,Подарок на день рождения,0
TXN-2025-012415,KZ_USR_0704,KZ_REC_253,33300.0,KZT,2025-04-20 15:10:40,15,10,6,PAYMENT,237400.0,41506.35,0.8,0.14,0,1,0,0,На продукты,0
TXN-2025-019025,KZ_USR_0908,KZ_REC_712,20900.0,KZT,2025-04-17 02:46:45,2,46,3,P2P_TRANSFER,76600.0,74690.78,0.28,0.273,0,2,0,0,Аренда жилья,0
TXN-2025-009538,KZ_USR_0107,KZ_REC_427,113800.0,KZT,2025-05-04 11:13:50,11,13,6,P2P_TRANSFER,350800.0,85661.27,1.33,0.324,0,2,0,0,Пополнение карты,0
TXN-2025-024170,KZ_USR_0026,KZ_REC_214,80500.0,KZT,2025-04-27 17:20:56,17,20,6,PAYMENT,430500.0,145628.15,0.55,0.187,0,1,0,0,Аренда жилья,0
TXN-2025-010835,KZ_USR_0188,KZ_REC_693,83800.0,KZT,2025-05-04 11:39:12,11,39,6,PAYMENT,341200.0,108832.13,0.77,0.246,0,1,0,0,Билеты в кино,0
TXN-2025-005433,KZ_USR_0097,KZ_REC_250,33600.0,KZT,2025-05-17 16:30:48,16,30,5,MERCHANT,246200.0,103637.25,0.32,0.136,0,2,1,0,На продукты,0
TXN-2025-015359,KZ_USR_0680,KZ_REC_876,151200.0,KZT,2025-04-15 23:09:41,23,9,1,PAYMENT,1129900.0,158481.14,0.95,0.134,0,1,0,0,Оплата обеда,0
TXN-2025-019461,KZ_USR_0493,KZ_REC_312,68700.0,KZT,2025-05-08 09:46:53,9,46,3,P2P_TRANSFER,234000.0,64380.99,1.07,0.294,0,1,0,0,За бензин,0
TXN-2025-021294,KZ_USR_0098,KZ_REC_174,71100.0,KZT,2025-05-06 08:03:45,8,3,1,P2P_TRANSFER,350700.0,88406.56,0.8,0.203,0,1,0,0,Подарок на день рождения,0
TXN-2025-011784,KZ_USR_0691,KZ_REC_4015,42500.0,KZT,2025-04-14 11:36:39,11,36,0,MERCHANT,171400.0,71788.68,0.59,0.248,1,1,0,0,Срочно на карту,0
TXN-2025-022393,KZ_USR_0355,KZ_REC_836,56100.0,KZT,2025-04-11 14:04:34,14,4,4,P2P_TRANSFER,623200.0,31291.0,1.79,0.09,0,1,0,0,Перевод маме,0
TXN-2025-004415,KZ_USR_0592,KZ_REC_621,78100.0,KZT,2025-04-02 14:03:17,14,3,2,MERCHANT,665100.0,122539.96,0.64,0.117,0,1,0,0,На карманные расходы,0
TXN-2025-021950,KZ_USR_0591,KZ_REC_807,26100.0,KZT,2025-04-03 11:19:22,11,19,3,PAYMENT,148300.0,42212.35,0.62,0.176,0,1,0,0,Билеты в кино,0
TXN-2025-011492,KZ_USR_0781,KZ_REC_794,156600.0,KZT,2025-05-23 07:24:50,7,24,4,PAYMENT,707900.0,131031.75,1.2,0.221,0,1,0,0,Перевод коллеге,0
TXN-2025-024018,KZ_USR_0873,KZ_DROP_3545,1164100.0,KZT,2025-05-09 11:04:31,11,4,4,CASH_OUT,1350500.0,123039.93,9.46,0.862,1,3,1,0,Возврат долга,1
TXN-2025-023563,KZ_USR_0648,KZ_REC_381,157000.0,KZT,2025-04-29 13:50:10,13,50,1,MERCHANT,1828700.0,128656.37,1.22,0.086,0,1,0,0,На карманные расходы,0
TXN-2025-000606,KZ_USR_0371,KZ_REC_225,25800.0,KZT,2025-05-26 21:38:44,21,38,0,MERCHANT,102600.0,36124.48,0.71,0.251,0,1,0,0,Перевод маме,0
TXN-2025-018141,KZ_USR_0428,KZ_REC_589,121200.0,KZT,2025-05-29 04:32:00,4,32,3,P2P_TRANSFER,639000.0,162032.67,0.75,0.19,0,1,0,0,Перевод коллеге,0
TXN-2025-021939,KZ_USR_0365,KZ_REC_4863,98700.0,KZT,2025-05-21 18:29:30,18,29,2,P2P_TRANSFER,259800.0,170634.37,0.58,0.38,1,1,0,0,Коммуналка,0
TXN-2025-017192,KZ_USR_0989,KZ_REC_1245,62100.0,KZT,2025-04-14 16:22:09,16,22,0,P2P_TRANSFER,189600.0,59424.33,1.05,0.328,1,3,0,0,Оплата обеда,0
TXN-2025-017616,KZ_USR_0983,KZ_REC_293,19400.0,KZT,2025-04-30 11:10:23,11,10,2,MERCHANT,72300.0,37055.72,0.52,0.268,0,1,1,0,Аренда жилья,0
TXN-2025-001084,KZ_USR_0483,KZ_REC_8913,48800.0,KZT,2025-04-21 20:29:45,20,29,0,P2P_TRANSFER,162500.0,92726.57,0.53,0.3,1,1,0,0,Оплата обеда,0
TXN-2025-000662,KZ_USR_0236,KZ_REC_153,157600.0,KZT,2025-05-26 10:16:44,10,16,0,P2P_TRANSFER,1141500.0,135592.34,1.16,0.138,0,1,0,0,Билеты в кино,0
TXN-2025-012928,KZ_USR_1184,KZ_REC_2111,186200.0,KZT,2025-05-25 08:24:45,8,24,6,MERCHANT,1764700.0,169124.5,1.1,0.106,1,1,0,0,Услуги репетитора,0
TXN-2025-011640,KZ_USR_0612,KZ_REC_687,246600.0,KZT,2025-04-08 12:19:42,12,19,1,P2P_TRANSFER,738400.0,147905.66,1.67,0.334,0,1,0,0,Возврат долга,0
TXN-2025-005869,KZ_USR_1113,KZ_REC_283,31900.0,KZT,2025-04-22 11:04:45,11,4,1,PAYMENT,139200.0,55810.82,0.57,0.229,0,1,0,0,Услуги репетитора,0
TXN-2025-016818,KZ_USR_0080,KZ_REC_571,30800.0,KZT,2025-05-23 09:04:12,9,4,4,PAYMENT,258100.0,38539.05,0.8,0.119,0,1,1,0,Срочно на карту,0
TXN-2025-008831,KZ_USR_0522,KZ_REC_3814,44600.0,KZT,2025-04-05 12:56:11,12,56,5,PAYMENT,357700.0,80942.54,0.55,0.125,1,1,0,0,Билеты в кино,0
TXN-2025-014161,KZ_USR_0553,KZ_REC_678,115500.0,KZT,2025-05-28 10:59:30,10,59,2,PAYMENT,533800.0,108305.09,1.07,0.216,0,2,0,0,За бензин,0
TXN-2025-008986,KZ_USR_0672,KZ_REC_8285,108000.0,KZT,2025-05-24 11:10:50,11,10,5,P2P_TRANSFER,841100.0,163482.47,0.66,0.128,1,1,1,0,Услуги репетитора,0
TXN-2025-018811,KZ_USR_0102,KZ_REC_151,56700.0,KZT,2025-04-08 14:38:44,14,38,1,P2P_TRANSFER,203100.0,121825.67,0.47,0.279,0,1,0,0,На продукты,0
TXN-2025-019867,KZ_USR_0675,KZ_REC_751,108800.0,KZT,2025-05-13 09:35:44,9,35,1,MERCHANT,1183700.0,85663.49,1.27,0.092,0,1,0,0,Возврат долга,0
TXN-2025-022427,KZ_USR_0664,KZ_REC_439,30000.0,KZT,2025-04-28 16:07:03,16,7,0,PAYMENT,302400.0,57956.29,0.52,0.099,0,1,0,0,Билеты в кино,0
TXN-2025-020652,KZ_USR_0988,KZ_REC_292,53100.0,KZT,2025-05-18 09:03:29,9,3,6,PAYMENT,344600.0,89572.37,0.59,0.154,0,1,0,0,Услуги репетитора,0
TXN-2025-010669,KZ_USR_0828,KZ_REC_669,82200.0,KZT,2025-04-29 13:12:06,13,12,1,MERCHANT,780600.0,75512.51,1.09,0.105,0,1,0,0,Срочно на карту,0
TXN-2025-016154,KZ_USR_0543,KZ_REC_456,22700.0,KZT,2025-05-30 07:05:23,7,5,4,P2P_TRANSFER,93700.0,56582.85,0.4,0.242,0,2,0,0,Подарок на день рождения,0
TXN-2025-022163,KZ_USR_0641,KZ_REC_224,49300.0,KZT,2025-04-21 10:22:51,10,22,0,MERCHANT,379000.0,23211.39,2.12,0.13,0,1,0,0,Подарок на день рождения,0
TXN-2025-004997,KZ_USR_0244,KZ_REC_766,37800.0,KZT,2025-05-03 12:17:23,12,17,5,PAYMENT,412800.0,79225.39,0.48,0.092,0,1,1,0,Перевод маме,0
TXN-2025-009758,KZ_USR_0639,KZ_REC_505,98500.0,KZT,2025-05-11 08:55:08,8,55,6,MERCHANT,823300.0,63078.92,1.56,0.12,0,1,0,0,Билеты в кино,0
TXN-2025-011423,KZ_USR_1009,KZ_REC_486,44700.0,KZT,2025-04-24 09:10:08,9,10,3,P2P_TRANSFER,432100.0,59946.88,0.75,0.103,0,1,0,0,Коммуналка,0
TXN-2025-012236,KZ_USR_0096,KZ_REC_417,279800.0,KZT,2025-05-10 09:51:50,9,51,5,PAYMENT,2532900.0,99007.3,2.83,0.11,0,1,1,0,Аренда жилья,0
TXN-2025-011567,KZ_USR_1081,KZ_REC_768,147000.0,KZT,2025-04-05 11:38:17,11,38,5,MERCHANT,1445500.0,145815.2,1.01,0.102,0,2,0,0,Перевод маме,0
TXN-2025-015428,KZ_USR_0182,KZ_REC_8483,41500.0,KZT,2025-04-19 09:38:22,9,38,5,PAYMENT,395200.0,38155.76,1.09,0.105,1,1,0,0,За бензин,0
TXN-2025-004826,KZ_USR_0491,KZ_REC_143,77300.0,KZT,2025-04-03 03:54:17,3,54,3,P2P_TRANSFER,724200.0,92905.08,0.83,0.107,0,1,1,0,На карманные расходы,0
TXN-2025-011444,KZ_USR_1104,KZ_REC_155,114000.0,KZT,2025-04-26 23:40:55,23,40,5,PAYMENT,1095000.0,168440.37,0.68,0.104,0,1,0,0,Билеты в кино,0
TXN-2025-014263,KZ_USR_0267,KZ_REC_864,195800.0,KZT,2025-04-24 16:56:32,16,56,3,P2P_TRANSFER,1635400.0,131522.52,1.49,0.12,0,1,0,0,Срочно на карту,0
TXN-2025-019494,KZ_USR_0669,KZ_REC_4553,70200.0,KZT,2025-04-18 04:58:35,4,58,4,PAYMENT,254300.0,49850.72,1.41,0.276,1,1,0,0,Перевод коллеге,0
TXN-2025-023549,KZ_USR_0163,KZ_REC_777,277100.0,KZT,2025-05-03 08:18:12,8,18,5,P2P_TRANSFER,1692600.0,121364.75,2.28,0.164,0,1,0,0,Пополнение карты,0
TXN-2025-023094,KZ_USR_0348,KZ_REC_427,105000.0,KZT,2025-04-29 09:03:32,9,3,1,P2P_TRANSFER,701600.0,27248.64,3.85,0.15,0,1,0,0,На продукты,0
TXN-2025-014503,KZ_USR_1040,KZ_REC_890,45900.0,KZT,2025-05-18 10:45:22,10,45,6,MERCHANT,335500.0,70446.45,0.65,0.137,0,1,0,0,На продукты,0
TXN-2025-024708,KZ_USR_0725,KZ_REC_625,122000.0,KZT,2025-04-19 16:00:11,16,0,5,P2P_TRANSFER,961600.0,111915.7,1.09,0.127,0,1,0,0,На карманные расходы,0
TXN-2025-011365,KZ_USR_0533,KZ_REC_548,106300.0,KZT,2025-04-27 14:27:53,14,27,6,PAYMENT,554400.0,179461.89,0.59,0.192,0,1,0,1,Оплата кофе,0
TXN-2025-016884,KZ_USR_0014,KZ_REC_3732,62600.0,KZT,2025-04-20 09:50:19,9,50,6,MERCHANT,419100.0,53974.26,1.16,0.149,1,1,0,0,Оплата обеда,0
TXN-2025-004734,KZ_USR_0642,KZ_REC_233,36200.0,KZT,2025-04-07 10:55:04,10,55,0,P2P_TRANSFER,418500.0,71532.67,0.51,0.086,0,1,0,0,Аренда жилья,0
TXN-2025-002958,KZ_USR_0980,KZ_REC_635,51800.0,KZT,2025-05-31 15:04:55,15,4,5,PAYMENT,536300.0,115494.86,0.45,0.097,0,1,0,0,Зарплата,0
TXN-2025-023689,KZ_USR_0313,KZ_REC_119,32600.0,KZT,2025-05-02 12:14:11,12,14,4,P2P_TRANSFER,187500.0,24056.12,1.36,0.174,0,1,0,0,Срочно на карту,0
TXN-2025-021298,KZ_USR_0314,KZ_REC_533,123800.0,KZT,2025-04-23 19:01:07,19,1,2,PAYMENT,401500.0,174023.75,0.71,0.308,0,1,0,0,Перевод маме,0
TXN-2025-014491,KZ_USR_0983,KZ_REC_3510,62000.0,KZT,2025-05-16 12:49:54,12,49,4,MERCHANT,574600.0,37055.72,1.67,0.108,1,1,0,0,Срочно на карту,0
TXN-2025-022586,KZ_USR_0016,KZ_REC_324,41600.0,KZT,2025-05-29 16:12:18,16,12,3,MERCHANT,384100.0,49344.72,0.84,0.108,0,1,0,0,Перевод коллеге,0
TXN-2025-007368,KZ_USR_1020,KZ_REC_635,35700.0,KZT,2025-04-24 16:24:50,16,24,3,MERCHANT,93000.0,25431.36,1.4,0.384,0,1,0,0,Перевод коллеге,0
TXN-2025-001599,KZ_USR_0327,KZ_REC_423,96700.0,KZT,2025-05-25 13:51:36,13,51,6,MERCHANT,560100.0,108696.65,0.89,0.173,0,3,0,0,Зарплата,0
TXN-2025-002065,KZ_USR_0334,KZ_REC_6421,26900.0,KZT,2025-05-27 17:08:59,17,8,1,PAYMENT,256400.0,38571.62,0.7,0.105,1,3,0,0,Билеты в кино,0
TXN-2025-009178,KZ_USR_0728,KZ_REC_715,90400.0,KZT,2025-05-13 22:40:35,22,40,1,PAYMENT,1013800.0,147242.77,0.61,0.089,0,1,0,0,На продукты,0
TXN-2025-019555,KZ_USR_0852,KZ_DROP_9331,384800.0,KZT,2025-04-09 20:29:29,20,29,2,P2P_TRANSFER,789300.0,139993.68,2.75,0.488,1,1,0,0,Аренда жилья,1
TXN-2025-002205,KZ_USR_0328,KZ_REC_871,324200.0,KZT,2025-05-30 09:22:37,9,22,4,PAYMENT,1203500.0,117875.32,2.75,0.269,0,2,0,0,Билеты в кино,0
TXN-2025-010819,KZ_USR_0762,KZ_REC_149,226900.0,KZT,2025-05-21 10:35:20,10,35,2,MERCHANT,2388000.0,69875.53,3.25,0.095,0,1,0,1,Оплата обеда,0
TXN-2025-009041,KZ_USR_0147,KZ_REC_321,108800.0,KZT,2025-05-14 14:54:14,14,54,2,MERCHANT,938300.0,117530.29,0.93,0.116,0,2,0,0,Услуги репетитора,0
TXN-2025-003736,KZ_USR_0910,KZ_REC_9435,67800.0,KZT,2025-05-03 20:53:44,20,53,5,MERCHANT,648000.0,80750.79,0.84,0.105,1,2,0,0,Перевод маме,0
TXN-2025-019922,KZ_USR_0418,KZ_REC_379,120100.0,KZT,2025-04-06 06:35:20,6,35,6,PAYMENT,1006000.0,72586.33,1.65,0.119,0,1,0,0,Услуги репетитора,0
TXN-2025-010646,KZ_USR_0639,KZ_REC_2976,45700.0,KZT,2025-05-24 13:54:34,13,54,5,P2P_TRANSFER,237900.0,63078.92,0.72,0.192,1,3,0,0,Оплата обеда,0
TXN-2025-021025,KZ_USR_0937,KZ_REC_5303,24600.0,KZT,2025-05-23 16:32:09,16,32,4,PAYMENT,115000.0,22942.51,1.07,0.214,1,1,0,0,Возврат долга,0
TXN-2025-006729,KZ_USR_0809,KZ_REC_380,191200.0,KZT,2025-05-06 13:45:29,13,45,1,MERCHANT,1956400.0,92134.3,2.08,0.098,0,1,0,0,Услуги репетитора,0
TXN-2025-013507,KZ_USR_0679,KZ_REC_459,66700.0,KZT,2025-04-14 08:36:33,8,36,0,PAYMENT,407900.0,175115.27,0.38,0.164,0,1,0,0,Услуги репетитора,0
TXN-2025-009468,KZ_USR_0196,KZ_REC_4826,13500.0,KZT,2025-04-28 18:53:50,18,53,0,P2P_TRANSFER,53900.0,75873.53,0.18,0.25,1,1,0,0,Перевод коллеге,0
TXN-2025-022257,KZ_USR_1124,KZ_REC_281,229200.0,KZT,2025-04-13 19:00:21,19,0,6,PAYMENT,1306000.0,149522.57,1.53,0.175,0,1,0,0,Услуги репетитора,0
TXN-2025-013412,KZ_USR_0445,KZ_REC_657,128900.0,KZT,2025-04-30 15:44:11,15,44,2,P2P_TRANSFER,1170000.0,150047.93,0.86,0.11,0,1,1,1,Пополнение карты,0
TXN-2025-012704,KZ_USR_1047,KZ_REC_716,15400.0,KZT,2025-04-19 10:12:00,10,12,5,MERCHANT,78400.0,57273.52,0.27,0.196,0,2,1,0,Оплата обеда,0
TXN-2025-023517,KZ_USR_0136,KZ_REC_683,29100.0,KZT,2025-04-11 14:31:26,14,31,4,MERCHANT,80400.0,71712.47,0.41,0.362,0,2,0,0,Срочно на карту,0
TXN-2025-009680,KZ_USR_0081,KZ_REC_124,126100.0,KZT,2025-04-02 10:13:57,10,13,2,PAYMENT,549200.0,158096.55,0.8,0.23,0,1,0,0,Билеты в кино,0
TXN-2025-001987,KZ_USR_0601,KZ_REC_6265,43700.0,KZT,2025-05-11 06:38:04,6,38,6,PAYMENT,411100.0,47029.61,0.93,0.106,1,2,0,0,Возврат долга,0
TXN-2025-021585,KZ_USR_1105,KZ_REC_574,197200.0,KZT,2025-05-31 17:17:42,17,17,5,MERCHANT,1801000.0,179185.25,1.1,0.109,0,1,0,0,На карманные расходы,0
TXN-2025-008371,KZ_USR_0876,KZ_REC_1232,43900.0,KZT,2025-05-02 14:20:33,14,20,4,MERCHANT,268600.0,44984.42,0.98,0.163,1,1,0,0,Срочно на карту,0
TXN-2025-021460,KZ_USR_0164,KZ_REC_173,191800.0,KZT,2025-05-06 16:31:55,16,31,1,PAYMENT,561700.0,105723.95,1.81,0.341,0,1,0,0,Коммуналка,0
TXN-2025-010144,KZ_USR_1082,KZ_REC_800,33200.0,KZT,2025-05-05 10:38:37,10,38,0,PAYMENT,100500.0,34305.76,0.97,0.33,0,1,0,0,На карманные расходы,0
TXN-2025-021318,KZ_USR_0607,KZ_REC_838,29600.0,KZT,2025-05-20 16:43:41,16,43,1,MERCHANT,220100.0,53013.39,0.56,0.134,0,1,0,0,На карманные расходы,0
TXN-2025-021734,KZ_USR_0872,KZ_REC_369,64800.0,KZT,2025-05-08 14:58:45,14,58,3,MERCHANT,601500.0,63319.15,1.02,0.108,0,1,1,0,Зарплата,0
TXN-2025-019320,KZ_USR_0499,KZ_REC_719,255600.0,KZT,2025-05-13 13:39:04,13,39,1,PAYMENT,1032700.0,175903.17,1.45,0.248,0,2,1,0,Срочно на карту,0
TXN-2025-011118,KZ_USR_0030,KZ_REC_8421,76600.0,KZT,2025-04-16 21:57:32,21,57,2,PAYMENT,455800.0,27432.07,2.79,0.168,1,1,0,0,Услуги репетитора,0
TXN-2025-013081,KZ_USR_0309,KZ_REC_505,159000.0,KZT,2025-05-26 03:34:34,3,34,0,P2P_TRANSFER,246900.0,147229.79,1.08,0.644,0,3,1,1,На продукты,1
TXN-2025-013637,KZ_USR_1147,KZ_REC_291,183800.0,KZT,2025-05-02 10:22:45,10,22,4,MERCHANT,1198100.0,147588.16,1.25,0.153,0,1,0,0,Зарплата,0
TXN-2025-011085,KZ_USR_0439,KZ_REC_393,202700.0,KZT,2025-04-04 03:22:07,3,22,4,PAYMENT,1792500.0,132998.76,1.52,0.113,0,1,0,0,Оплата обеда,0
TXN-2025-004425,KZ_USR_0573,KZ_REC_551,180900.0,KZT,2025-04-15 10:14:14,10,14,1,MERCHANT,1000600.0,83446.85,2.17,0.181,0,2,1,0,На карманные расходы,0
TXN-2025-013872,KZ_USR_0554,KZ_REC_133,126900.0,KZT,2025-04-12 16:51:06,16,51,5,MERCHANT,345000.0,109750.08,1.16,0.368,0,2,0,0,На продукты,0
TXN-2025-013688,KZ_USR_0080,KZ_REC_571,24100.0,KZT,2025-04-02 15:50:10,15,50,2,MERCHANT,76900.0,38539.05,0.63,0.313,0,2,0,0,За бензин,0
TXN-2025-004358,KZ_USR_0301,KZ_REC_838,29200.0,KZT,2025-04-02 10:46:02,10,46,2,MERCHANT,149200.0,28269.08,1.03,0.196,0,1,0,0,Оплата кофе,0
TXN-2025-022363,KZ_USR_1171,KZ_REC_130,42400.0,KZT,2025-05-01 14:00:05,14,0,3,PAYMENT,239800.0,118708.31,0.36,0.177,0,1,0,0,За бензин,0
TXN-2025-000994,KZ_USR_0235,KZ_REC_116,55900.0,KZT,2025-05-12 13:02:11,13,2,0,P2P_TRANSFER,297000.0,51238.88,1.09,0.188,0,3,0,0,За бензин,0
TXN-2025-010640,KZ_USR_0888,KZ_REC_613,112500.0,KZT,2025-04-26 16:21:20,16,21,5,P2P_TRANSFER,494000.0,58109.24,1.94,0.228,0,2,0,0,Срочно на карту,0
TXN-2025-001794,KZ_USR_0367,KZ_REC_805,147700.0,KZT,2025-04-08 10:48:28,10,48,1,MERCHANT,451300.0,173790.49,0.85,0.327,0,1,0,0,Подарок на день рождения,0
TXN-2025-004762,KZ_USR_0658,KZ_REC_157,127200.0,KZT,2025-05-23 10:55:01,10,55,4,MERCHANT,650300.0,78093.17,1.63,0.196,0,1,0,0,Коммуналка,0
TXN-2025-015482,KZ_USR_1165,KZ_REC_710,21800.0,KZT,2025-05-27 10:55:09,10,55,1,PAYMENT,161100.0,45721.58,0.48,0.135,0,1,0,0,Пополнение карты,0
TXN-2025-020276,KZ_USR_0041,KZ_REC_294,28100.0,KZT,2025-05-19 23:25:03,23,25,0,MERCHANT,136400.0,39526.12,0.71,0.206,0,1,0,0,На продукты,0
TXN-2025-018998,KZ_USR_0633,KZ_REC_698,49100.0,KZT,2025-04-16 18:57:26,18,57,2,PAYMENT,303300.0,101868.39,0.48,0.162,0,1,0,0,Аренда жилья,0
TXN-2025-004111,KZ_USR_0314,KZ_REC_640,243000.0,KZT,2025-05-07 10:43:44,10,43,2,P2P_TRANSFER,894100.0,174023.75,1.4,0.272,0,1,0,0,На карманные расходы,0
TXN-2025-019650,KZ_USR_0081,KZ_REC_124,129300.0,KZT,2025-05-17 10:55:16,10,55,5,P2P_TRANSFER,663400.0,158096.55,0.82,0.195,0,1,0,0,Возврат долга,0
TXN-2025-007885,KZ_USR_0812,KZ_REC_831,730200.0,KZT,2025-05-23 18:49:25,18,49,4,MERCHANT,2992900.0,154223.69,4.73,0.244,0,2,0,0,Перевод коллеге,0
TXN-2025-006349,KZ_USR_0594,KZ_REC_611,48200.0,KZT,2025-04-01 10:20:58,10,20,1,PAYMENT,565500.0,75306.77,0.64,0.085,0,1,0,0,Пополнение карты,0
TXN-2025-004644,KZ_USR_0692,KZ_DROP_1739,651300.0,KZT,2025-05-03 18:10:18,18,10,5,CASH_OUT,870800.0,88069.83,7.4,0.748,1,6,1,0,Возврат долга,1
TXN-2025-014079,KZ_USR_0997,KZ_REC_855,183700.0,KZT,2025-04-08 10:05:17,10,5,1,PAYMENT,350500.0,166770.17,1.1,0.524,0,1,0,0,Перевод коллеге,0
TXN-2025-014331,KZ_USR_1134,KZ_REC_124,117200.0,KZT,2025-04-05 17:28:16,17,28,5,MERCHANT,1263400.0,55229.31,2.12,0.093,0,1,0,0,На карманные расходы,0
TXN-2025-014935,KZ_USR_0094,KZ_REC_429,135900.0,KZT,2025-04-22 18:25:29,18,25,1,MERCHANT,1205000.0,109804.35,1.24,0.113,0,1,0,0,Зарплата,0
TXN-2025-016070,KZ_USR_0550,KZ_REC_109,246700.0,KZT,2025-05-21 18:36:19,18,36,2,MERCHANT,2498900.0,143570.94,1.72,0.099,0,1,0,0,Аренда жилья,0
TXN-2025-000052,KZ_USR_1099,KZ_REC_4817,104200.0,KZT,2025-04-10 18:47:37,18,47,3,P2P_TRANSFER,615900.0,144733.52,0.72,0.169,1,3,0,0,Оплата обеда,0
TXN-2025-013018,KZ_USR_0447,KZ_REC_132,147100.0,KZT,2025-05-17 08:33:39,8,33,5,PAYMENT,922300.0,177760.17,0.83,0.159,0,1,0,0,Аренда жилья,0
TXN-2025-018274,KZ_USR_0376,KZ_DROP_8924,459100.0,KZT,2025-04-19 01:43:49,1,43,5,CASH_OUT,888400.0,71036.1,6.46,0.517,1,3,1,1,Вывод с криптобиржи P2P USDT,1
TXN-2025-011463,KZ_USR_1152,KZ_REC_435,178100.0,KZT,2025-05-04 17:33:41,17,33,6,P2P_TRANSFER,1628700.0,153922.13,1.16,0.109,0,1,0,0,Подарок на день рождения,0
TXN-2025-001355,KZ_USR_1013,KZ_REC_264,106600.0,KZT,2025-05-24 01:44:27,1,44,5,MERCHANT,252600.0,171049.49,0.62,0.422,0,1,0,0,Возврат долга,0
TXN-2025-000464,KZ_USR_0465,KZ_REC_872,79000.0,KZT,2025-05-17 16:47:13,16,47,5,MERCHANT,767400.0,173947.61,0.45,0.103,0,1,0,0,Коммуналка,0
TXN-2025-006663,KZ_USR_0770,KZ_REC_140,180100.0,KZT,2025-04-07 08:26:32,8,26,0,PAYMENT,755000.0,151401.17,1.19,0.239,0,1,0,1,На карманные расходы,0
TXN-2025-012842,KZ_USR_0014,KZ_REC_799,25900.0,KZT,2025-04-26 14:06:56,14,6,5,P2P_TRANSFER,89100.0,53974.26,0.48,0.291,0,1,0,0,Перевод коллеге,0
TXN-2025-009700,KZ_USR_0930,KZ_REC_4156,349300.0,KZT,2025-05-14 20:55:56,20,55,2,PAYMENT,3808600.0,61262.03,5.7,0.092,1,1,0,0,На продукты,0
TXN-2025-016103,KZ_USR_0080,KZ_REC_571,39800.0,KZT,2025-04-21 08:42:29,8,42,0,MERCHANT,356900.0,38539.05,1.03,0.112,0,1,0,0,Билеты в кино,0
TXN-2025-007853,KZ_USR_0288,KZ_REC_481,81500.0,KZT,2025-05-19 07:04:05,7,4,0,PAYMENT,285100.0,106823.14,0.76,0.286,0,1,0,0,Аренда жилья,0
TXN-2025-017207,KZ_USR_0012,KZ_REC_891,380700.0,KZT,2025-05-19 16:44:17,16,44,0,MERCHANT,1968400.0,175185.58,2.17,0.193,0,2,0,0,Билеты в кино,0
TXN-2025-019492,KZ_USR_0278,KZ_REC_256,114700.0,KZT,2025-05-02 12:45:02,12,45,4,MERCHANT,1324600.0,123994.23,0.93,0.087,0,1,0,0,Перевод коллеге,0
TXN-2025-012381,KZ_USR_1033,KZ_REC_2874,28800.0,KZT,2025-05-21 23:57:16,23,57,2,PAYMENT,64900.0,56801.41,0.51,0.444,1,1,0,0,На карманные расходы,0
TXN-2025-004198,KZ_USR_0707,KZ_REC_492,150400.0,KZT,2025-04-08 12:01:56,12,1,1,PAYMENT,405400.0,71576.62,2.1,0.371,0,2,0,0,Оплата обеда,0
TXN-2025-010343,KZ_USR_0576,KZ_REC_480,526200.0,KZT,2025-05-31 18:10:42,18,10,5,PAYMENT,2409500.0,171923.3,3.06,0.218,0,1,0,0,Зарплата,0
TXN-2025-015534,KZ_USR_0545,KZ_REC_420,53500.0,KZT,2025-04-26 14:08:57,14,8,5,MERCHANT,145700.0,118900.52,0.45,0.367,0,1,0,0,За бензин,0
TXN-2025-016017,KZ_USR_0714,KZ_REC_877,82200.0,KZT,2025-05-14 11:07:09,11,7,2,MERCHANT,590800.0,85894.55,0.96,0.139,0,1,0,0,Оплата обеда,0
TXN-2025-024916,KZ_USR_0389,KZ_REC_645,131000.0,KZT,2025-05-04 14:58:21,14,58,6,MERCHANT,1547200.0,140098.36,0.94,0.085,0,2,0,0,Зарплата,0
TXN-2025-008133,KZ_USR_0953,KZ_REC_386,124000.0,KZT,2025-05-30 10:50:01,10,50,4,PAYMENT,572800.0,48059.4,2.58,0.216,0,1,0,0,Оплата кофе,0
TXN-2025-022042,KZ_USR_0009,KZ_REC_452,85700.0,KZT,2025-05-18 14:32:11,14,32,6,MERCHANT,666300.0,116178.4,0.74,0.129,0,1,0,0,Подарок на день рождения,0
TXN-2025-011711,KZ_USR_0531,KZ_REC_847,231200.0,KZT,2025-05-16 15:22:33,15,22,4,P2P_TRANSFER,667900.0,150064.16,1.54,0.346,0,2,0,0,Возврат долга,0
TXN-2025-024496,KZ_USR_0894,KZ_REC_8083,32900.0,KZT,2025-04-02 10:15:51,10,15,2,MERCHANT,135600.0,83549.36,0.39,0.243,1,1,0,0,На карманные расходы,0
TXN-2025-018075,KZ_USR_0668,KZ_REC_5509,39400.0,KZT,2025-05-27 10:54:26,10,54,1,MERCHANT,187700.0,45709.02,0.86,0.21,1,1,0,1,Оплата обеда,0
TXN-2025-003135,KZ_USR_0519,KZ_REC_844,70300.0,KZT,2025-04-22 10:33:43,10,33,1,P2P_TRANSFER,537200.0,177964.18,0.4,0.131,0,1,1,0,Услуги репетитора,0
TXN-2025-011152,KZ_USR_0417,KZ_REC_636,64700.0,KZT,2025-05-15 19:10:30,19,10,3,MERCHANT,386200.0,66913.72,0.97,0.168,0,1,0,0,На продукты,0
TXN-2025-012435,KZ_USR_0426,KZ_REC_2317,120700.0,KZT,2025-04-22 06:32:28,6,32,1,P2P_TRANSFER,1233000.0,107924.62,1.12,0.098,1,1,0,0,Услуги репетитора,0
TXN-2025-003183,KZ_USR_0884,KZ_REC_9757,22400.0,KZT,2025-04-02 09:28:47,9,28,2,P2P_TRANSFER,171800.0,36657.37,0.61,0.13,1,1,0,0,Билеты в кино,0
TXN-2025-010016,KZ_USR_0739,KZ_REC_802,212600.0,KZT,2025-04-09 18:34:40,18,34,2,MERCHANT,470300.0,90261.59,2.36,0.452,0,1,0,0,Подарок на день рождения,0
TXN-2025-017144,KZ_USR_0983,KZ_REC_355,50400.0,KZT,2025-04-22 15:33:32,15,33,1,P2P_TRANSFER,452300.0,37055.72,1.36,0.111,0,1,1,0,Перевод коллеге,0
TXN-2025-019953,KZ_USR_0721,KZ_REC_6556,153500.0,KZT,2025-04-02 19:11:45,19,11,2,P2P_TRANSFER,305700.0,170134.47,0.9,0.502,1,1,0,0,Оплата обеда,0
TXN-2025-008514,KZ_USR_0220,KZ_REC_210,90700.0,KZT,2025-05-29 00:50:53,0,50,3,PAYMENT,966400.0,155875.75,0.58,0.094,0,1,0,0,Билеты в кино,0
TXN-2025-005504,KZ_USR_0610,KZ_REC_680,187200.0,KZT,2025-05-05 15:27:08,15,27,0,PAYMENT,509700.0,130463.17,1.43,0.367,0,1,0,0,Перевод коллеге,0
TXN-2025-018247,KZ_USR_0668,KZ_REC_4681,47700.0,KZT,2025-04-28 12:15:23,12,15,0,MERCHANT,468000.0,45709.02,1.04,0.102,1,1,0,0,Перевод маме,0
TXN-2025-017487,KZ_USR_0216,KZ_REC_593,45700.0,KZT,2025-05-11 10:56:18,10,56,6,PAYMENT,257200.0,57959.85,0.79,0.178,0,2,0,0,Перевод коллеге,0
TXN-2025-012274,KZ_USR_0866,KZ_REC_5648,88100.0,KZT,2025-05-31 12:58:27,12,58,5,P2P_TRANSFER,628000.0,109542.45,0.8,0.14,1,1,1,0,Услуги репетитора,0
TXN-2025-010674,KZ_USR_0912,KZ_REC_3442,64700.0,KZT,2025-04-11 19:32:52,19,32,4,PAYMENT,678500.0,62890.18,1.03,0.095,1,1,0,0,Подарок на день рождения,0
TXN-2025-022122,KZ_USR_0586,KZ_REC_550,140000.0,KZT,2025-05-17 16:31:22,16,31,5,P2P_TRANSFER,1018700.0,58423.3,2.4,0.137,0,1,0,0,Билеты в кино,0
TXN-2025-001511,KZ_USR_0874,KZ_REC_4944,52000.0,KZT,2025-04-17 15:52:22,15,52,3,MERCHANT,323800.0,85397.47,0.61,0.161,1,2,0,0,Перевод маме,0
TXN-2025-006347,KZ_USR_0372,KZ_REC_4387,8800.0,KZT,2025-04-14 16:31:18,16,31,0,P2P_TRANSFER,59500.0,22915.49,0.38,0.148,1,1,0,0,Услуги репетитора,0
TXN-2025-015920,KZ_USR_0244,KZ_REC_770,65800.0,KZT,2025-04-21 15:08:09,15,8,0,P2P_TRANSFER,171600.0,79225.39,0.83,0.383,0,1,0,0,Подарок на день рождения,0
TXN-2025-010039,KZ_USR_0907,KZ_REC_8477,126000.0,KZT,2025-05-17 11:50:24,11,50,5,MERCHANT,643500.0,150790.97,0.84,0.196,1,2,0,0,Подарок на день рождения,0
TXN-2025-021518,KZ_USR_0107,KZ_REC_378,123900.0,KZT,2025-04-04 09:13:17,9,13,4,MERCHANT,272700.0,85661.27,1.45,0.454,0,1,0,0,Аренда жилья,0
TXN-2025-002602,KZ_USR_0044,KZ_REC_3451,329400.0,KZT,2025-04-24 14:54:18,14,54,3,P2P_TRANSFER,3615900.0,165491.26,1.99,0.091,1,1,0,0,На продукты,0
TXN-2025-021192,KZ_USR_0532,KZ_REC_566,381100.0,KZT,2025-05-06 19:07:13,19,7,1,PAYMENT,2990000.0,179954.83,2.12,0.127,0,1,1,0,Перевод маме,0
TXN-2025-010150,KZ_USR_0794,KZ_REC_718,132600.0,KZT,2025-05-22 13:58:29,13,58,3,PAYMENT,486700.0,117832.68,1.13,0.272,0,1,0,0,Возврат долга,0
TXN-2025-011258,KZ_USR_0419,KZ_REC_215,224400.0,KZT,2025-05-30 12:10:10,12,10,4,PAYMENT,2007200.0,127602.95,1.76,0.112,0,1,0,0,Билеты в кино,0
TXN-2025-016269,KZ_USR_0276,KZ_DROP_9095,374400.0,KZT,2025-04-28 02:01:17,2,1,0,P2P_TRANSFER,517900.0,100242.61,3.73,0.723,1,6,0,1,Вывод с криптобиржи P2P USDT,1
TXN-2025-009061,KZ_USR_0220,KZ_REC_791,192600.0,KZT,2025-05-28 18:41:12,18,41,2,MERCHANT,2267000.0,155875.75,1.24,0.085,0,2,0,0,Возврат долга,0
TXN-2025-018770,KZ_USR_0472,KZ_REC_666,177900.0,KZT,2025-04-22 20:15:29,20,15,1,P2P_TRANSFER,1265800.0,175180.61,1.02,0.141,0,1,0,0,За бензин,0
TXN-2025-008015,KZ_USR_0790,KZ_REC_180,91300.0,KZT,2025-05-10 09:53:47,9,53,5,PAYMENT,592100.0,171565.33,0.53,0.154,0,1,0,0,Возврат долга,0
TXN-2025-019445,KZ_USR_0955,KZ_REC_668,27800.0,KZT,2025-05-06 23:15:12,23,15,1,MERCHANT,217500.0,87003.28,0.32,0.128,0,1,0,0,Билеты в кино,0
TXN-2025-014401,KZ_USR_0625,KZ_REC_4725,81000.0,KZT,2025-04-03 13:58:12,13,58,3,P2P_TRANSFER,639300.0,118920.76,0.68,0.127,1,1,1,1,Аренда жилья,0
TXN-2025-009580,KZ_USR_0034,KZ_REC_787,78800.0,KZT,2025-04-09 11:10:41,11,10,2,PAYMENT,895700.0,171821.69,0.46,0.088,0,1,0,0,Аренда жилья,0
TXN-2025-003634,KZ_USR_0600,KZ_REC_417,29500.0,KZT,2025-04-29 11:35:43,11,35,1,P2P_TRANSFER,334600.0,26538.98,1.11,0.088,0,1,0,0,Коммуналка,0
TXN-2025-002074,KZ_USR_0142,KZ_REC_808,34800.0,KZT,2025-04-14 19:00:20,19,0,0,P2P_TRANSFER,206800.0,60285.17,0.58,0.168,0,2,0,0,Услуги репетитора,0
TXN-2025-016041,KZ_USR_1092,KZ_REC_9241,143600.0,KZT,2025-05-08 21:38:59,21,38,3,PAYMENT,922600.0,123943.46,1.16,0.156,1,1,0,0,Зарплата,0
TXN-2025-011283,KZ_USR_0194,KZ_REC_519,703600.0,KZT,2025-04-19 12:38:15,12,38,5,MERCHANT,6966400.0,121296.23,5.8,0.101,0,1,0,0,Подарок на день рождения,0
TXN-2025-008274,KZ_USR_0262,KZ_REC_183,264900.0,KZT,2025-04-08 14:48:44,14,48,1,P2P_TRANSFER,1740600.0,178408.62,1.48,0.152,0,1,0,0,За бензин,0
TXN-2025-014588,KZ_USR_0847,KZ_REC_333,7500.0,KZT,2025-05-01 14:40:23,14,40,3,PAYMENT,42500.0,33655.95,0.22,0.176,0,1,1,0,Срочно на карту,0
TXN-2025-017394,KZ_USR_0940,KZ_REC_307,62900.0,KZT,2025-04-23 20:37:08,20,37,2,P2P_TRANSFER,725700.0,112242.64,0.56,0.087,0,1,0,0,Оплата кофе,0
TXN-2025-008787,KZ_USR_0042,KZ_REC_2680,118100.0,KZT,2025-04-11 19:11:56,19,11,4,P2P_TRANSFER,822100.0,99228.31,1.19,0.144,1,1,0,0,На продукты,0
TXN-2025-015750,KZ_USR_0488,KZ_REC_1415,172100.0,KZT,2025-05-15 10:35:07,10,35,3,PAYMENT,1601300.0,64954.11,2.65,0.107,1,2,0,0,Перевод коллеге,0
TXN-2025-016259,KZ_USR_0432,KZ_REC_8643,67900.0,KZT,2025-04-30 06:46:50,6,46,2,P2P_TRANSFER,158700.0,141841.7,0.48,0.428,1,1,0,1,Оплата кофе,0
TXN-2025-020457,KZ_USR_0082,KZ_REC_509,129200.0,KZT,2025-04-25 21:20:55,21,20,4,P2P_TRANSFER,570300.0,119727.7,1.08,0.227,0,1,0,0,Аренда жилья,0
TXN-2025-011276,KZ_USR_1181,KZ_REC_889,399400.0,KZT,2025-04-06 11:04:38,11,4,6,P2P_TRANSFER,1336400.0,174078.72,2.29,0.299,0,1,0,0,Перевод коллеге,0
TXN-2025-011353,KZ_USR_0506,KZ_REC_541,66000.0,KZT,2025-04-21 11:31:37,11,31,0,MERCHANT,735100.0,46018.71,1.43,0.09,0,1,0,0,Зарплата,0
TXN-2025-021986,KZ_USR_0679,KZ_REC_484,72200.0,KZT,2025-04-14 10:45:05,10,45,0,P2P_TRANSFER,830700.0,175115.27,0.41,0.087,0,3,0,0,Аренда жилья,0
TXN-2025-008285,KZ_USR_0650,KZ_REC_521,60500.0,KZT,2025-04-09 07:45:56,7,45,2,PAYMENT,442300.0,99750.75,0.61,0.137,0,1,0,0,На карманные расходы,0
TXN-2025-018911,KZ_USR_1065,KZ_REC_635,46100.0,KZT,2025-05-20 10:42:48,10,42,1,MERCHANT,338800.0,87417.12,0.53,0.136,0,1,0,0,Подарок на день рождения,0
TXN-2025-012022,KZ_USR_0462,KZ_REC_6192,195400.0,KZT,2025-05-10 14:24:08,14,24,5,PAYMENT,1847500.0,123873.65,1.58,0.106,1,1,0,0,Оплата обеда,0
TXN-2025-007000,KZ_USR_0415,KZ_REC_7190,109500.0,KZT,2025-04-04 18:59:36,18,59,4,PAYMENT,652100.0,121093.95,0.9,0.168,1,1,0,0,Подарок на день рождения,0
TXN-2025-012013,KZ_USR_0062,KZ_REC_6054,25800.0,KZT,2025-05-27 16:30:00,16,30,1,MERCHANT,58400.0,63415.85,0.41,0.442,1,1,0,0,Оплата обеда,0
TXN-2025-006464,KZ_USR_0890,KZ_REC_524,52400.0,KZT,2025-05-27 18:39:21,18,39,1,MERCHANT,375400.0,58907.55,0.89,0.14,0,1,0,0,Подарок на день рождения,0
TXN-2025-024371,KZ_USR_1187,KZ_REC_9979,156400.0,KZT,2025-05-18 17:55:38,17,55,6,P2P_TRANSFER,1692800.0,130061.72,1.2,0.092,1,1,0,0,Подарок на день рождения,0
TXN-2025-024660,KZ_USR_0080,KZ_REC_4420,33500.0,KZT,2025-04-06 17:02:31,17,2,6,P2P_TRANSFER,391600.0,38539.05,0.87,0.086,1,1,0,0,Перевод маме,0
TXN-2025-007662,KZ_USR_0950,KZ_REC_375,68600.0,KZT,2025-04-04 11:27:28,11,27,4,PAYMENT,435900.0,115586.1,0.59,0.157,0,1,0,0,На карманные расходы,0
TXN-2025-014197,KZ_USR_0060,KZ_REC_109,132600.0,KZT,2025-04-24 13:29:56,13,29,3,PAYMENT,1287400.0,72052.85,1.84,0.103,0,1,0,0,Зарплата,0
TXN-2025-010968,KZ_USR_0339,KZ_REC_548,227900.0,KZT,2025-05-18 16:46:36,16,46,6,P2P_TRANSFER,2421800.0,95867.81,2.38,0.094,0,1,0,0,Возврат долга,0
TXN-2025-014203,KZ_USR_0419,KZ_REC_2147,116700.0,KZT,2025-05-11 12:58:41,12,58,6,P2P_TRANSFER,949000.0,127602.95,0.91,0.123,1,1,0,0,За бензин,0
TXN-2025-006475,KZ_USR_0033,KZ_REC_316,40600.0,KZT,2025-04-07 09:25:25,9,25,0,P2P_TRANSFER,159400.0,30408.25,1.34,0.255,0,1,0,0,Перевод маме,0
TXN-2025-024835,KZ_USR_0245,KZ_REC_523,28000.0,KZT,2025-04-03 14:16:00,14,16,3,MERCHANT,237100.0,22473.06,1.25,0.118,0,1,0,0,На карманные расходы,0
TXN-2025-000021,KZ_USR_0085,KZ_REC_494,79100.0,KZT,2025-04-07 08:58:34,8,58,0,MERCHANT,508500.0,69757.17,1.13,0.156,0,1,1,0,Билеты в кино,0
TXN-2025-000935,KZ_USR_0093,KZ_REC_3607,85800.0,KZT,2025-04-02 16:54:46,16,54,2,P2P_TRANSFER,858000.0,141725.61,0.61,0.1,1,1,0,0,Коммуналка,0
TXN-2025-000304,KZ_USR_1186,KZ_REC_545,106900.0,KZT,2025-05-09 12:46:35,12,46,4,PAYMENT,997100.0,169956.56,0.63,0.107,0,1,0,0,Возврат долга,0
TXN-2025-020191,KZ_USR_1027,KZ_REC_372,332400.0,KZT,2025-05-18 16:11:33,16,11,6,MERCHANT,3912200.0,157926.82,2.1,0.085,0,2,0,0,Подарок на день рождения,0
TXN-2025-018053,KZ_USR_0100,KZ_REC_349,8800.0,KZT,2025-04-19 14:40:54,14,40,5,P2P_TRANSFER,69700.0,37262.63,0.24,0.126,0,2,0,0,Подарок на день рождения,0
TXN-2025-020688,KZ_USR_0321,KZ_REC_750,118300.0,KZT,2025-04-20 11:28:25,11,28,6,P2P_TRANSFER,277300.0,107876.27,1.1,0.427,0,2,0,0,Услуги репетитора,0
TXN-2025-016382,KZ_USR_0242,KZ_REC_829,138500.0,KZT,2025-04-23 17:36:20,17,36,2,PAYMENT,1047600.0,172628.57,0.8,0.132,0,1,0,0,Аренда жилья,0
TXN-2025-014194,KZ_USR_1116,KZ_REC_883,183500.0,KZT,2025-05-24 11:02:01,11,2,5,MERCHANT,793800.0,112813.79,1.63,0.231,0,1,0,0,Подарок на день рождения,0
TXN-2025-018663,KZ_USR_0449,KZ_REC_788,23500.0,KZT,2025-05-09 14:41:54,14,41,4,MERCHANT,141900.0,80201.53,0.29,0.166,0,1,0,0,На карманные расходы,0
TXN-2025-017722,KZ_USR_0464,KZ_REC_1990,97500.0,KZT,2025-04-24 08:16:04,8,16,3,P2P_TRANSFER,937900.0,113339.0,0.86,0.104,1,1,0,0,Зарплата,0
TXN-2025-006376,KZ_USR_0450,KZ_REC_145,140800.0,KZT,2025-05-08 07:41:52,7,41,3,PAYMENT,501700.0,33360.11,4.22,0.281,0,1,0,0,Билеты в кино,0
TXN-2025-021616,KZ_USR_0227,KZ_REC_601,126300.0,KZT,2025-04-15 15:39:43,15,39,1,PAYMENT,496400.0,175681.69,0.72,0.254,0,1,0,0,Оплата обеда,0
TXN-2025-008685,KZ_USR_0391,KZ_REC_697,214800.0,KZT,2025-04-21 10:55:09,10,55,0,P2P_TRANSFER,1162200.0,178480.82,1.2,0.185,0,2,0,0,Срочно на карту,0
TXN-2025-011146,KZ_USR_0477,KZ_REC_7284,28600.0,KZT,2025-04-22 08:30:35,8,30,1,PAYMENT,240600.0,31807.45,0.9,0.119,1,1,1,0,Билеты в кино,0
TXN-2025-006886,KZ_USR_0236,KZ_REC_229,113100.0,KZT,2025-04-22 14:28:28,14,28,1,PAYMENT,393600.0,135592.34,0.83,0.287,0,1,0,0,Билеты в кино,0
TXN-2025-006050,KZ_USR_0493,KZ_REC_701,53200.0,KZT,2025-05-14 14:37:16,14,37,2,MERCHANT,352500.0,64380.99,0.83,0.151,0,2,0,0,Подарок на день рождения,0
TXN-2025-006398,KZ_USR_0442,KZ_REC_5273,245700.0,KZT,2025-04-03 04:26:35,4,26,3,PAYMENT,2678000.0,177862.33,1.38,0.092,1,1,0,0,Зарплата,0
TXN-2025-006483,KZ_USR_0358,KZ_REC_9101,177200.0,KZT,2025-05-22 15:09:19,15,9,3,P2P_TRANSFER,2109000.0,113724.09,1.56,0.084,1,2,0,0,На продукты,0
TXN-2025-006306,KZ_USR_0830,KZ_REC_2758,83600.0,KZT,2025-05-13 10:59:15,10,59,1,P2P_TRANSFER,385700.0,92354.87,0.91,0.217,1,1,0,0,Срочно на карту,0
TXN-2025-016366,KZ_USR_1119,KZ_REC_150,68700.0,KZT,2025-05-28 18:59:26,18,59,2,MERCHANT,819900.0,62496.01,1.1,0.084,0,1,0,0,Зарплата,0
TXN-2025-011892,KZ_USR_0207,KZ_REC_567,23900.0,KZT,2025-04-19 10:41:07,10,41,5,PAYMENT,98300.0,36235.45,0.66,0.243,0,1,0,0,Оплата кофе,0
TXN-2025-003406,KZ_USR_0160,KZ_REC_518,508200.0,KZT,2025-04-01 11:08:20,11,8,1,P2P_TRANSFER,5222400.0,136514.62,3.72,0.097,0,2,0,0,Срочно на карту,0
TXN-2025-023126,KZ_USR_0762,KZ_REC_3236,30600.0,KZT,2025-04-04 15:19:41,15,19,4,MERCHANT,180800.0,69875.53,0.44,0.169,1,1,0,0,Коммуналка,0
TXN-2025-007201,KZ_USR_0134,KZ_REC_8557,94600.0,KZT,2025-04-07 12:47:18,12,47,0,P2P_TRANSFER,184500.0,74018.43,1.28,0.513,1,1,0,0,Срочно на карту,0
TXN-2025-016142,KZ_USR_1040,KZ_REC_684,57900.0,KZT,2025-04-15 10:48:25,10,48,1,P2P_TRANSFER,151900.0,70446.45,0.82,0.381,0,1,0,0,Билеты в кино,0
TXN-2025-010812,KZ_USR_1097,KZ_REC_537,53700.0,KZT,2025-05-20 18:20:26,18,20,1,MERCHANT,288200.0,55277.79,0.97,0.186,0,1,0,0,На продукты,0
TXN-2025-024834,KZ_USR_0314,KZ_REC_533,106800.0,KZT,2025-05-30 14:33:37,14,33,4,PAYMENT,293100.0,174023.75,0.61,0.364,0,1,0,0,Подарок на день рождения,0
TXN-2025-005567,KZ_USR_0895,KZ_REC_364,140900.0,KZT,2025-04-30 12:41:09,12,41,2,P2P_TRANSFER,1046400.0,126893.62,1.11,0.135,0,1,1,0,На карманные расходы,0
TXN-2025-021350,KZ_USR_0732,KZ_REC_210,74500.0,KZT,2025-05-07 06:44:40,6,44,2,PAYMENT,647200.0,150331.96,0.5,0.115,0,2,0,0,За бензин,0
TXN-2025-018825,KZ_USR_0765,KZ_REC_408,11900.0,KZT,2025-04-11 11:14:12,11,14,4,MERCHANT,125400.0,25365.19,0.47,0.095,0,3,0,0,Перевод коллеге,0
TXN-2025-007937,KZ_USR_0972,KZ_REC_889,224700.0,KZT,2025-04-02 13:42:08,13,42,2,MERCHANT,2342400.0,169892.76,1.32,0.096,0,1,0,0,Возврат долга,0
TXN-2025-021557,KZ_USR_0016,KZ_REC_324,31100.0,KZT,2025-05-20 14:37:58,14,37,1,MERCHANT,150100.0,49344.72,0.63,0.207,0,1,0,0,Пополнение карты,0
TXN-2025-007876,KZ_USR_1010,KZ_REC_1048,171600.0,KZT,2025-04-14 20:08:03,20,8,0,P2P_TRANSFER,909100.0,98307.99,1.75,0.189,1,1,0,0,Билеты в кино,0
TXN-2025-021128,KZ_USR_0033,KZ_REC_316,44300.0,KZT,2025-05-13 10:27:28,10,27,1,P2P_TRANSFER,486500.0,30408.25,1.46,0.091,0,1,0,0,Услуги репетитора,0
TXN-2025-024475,KZ_USR_0901,KZ_REC_635,84200.0,KZT,2025-04-16 10:01:19,10,1,2,PAYMENT,443100.0,53261.8,1.58,0.19,0,1,0,0,Срочно на карту,0
TXN-2025-017762,KZ_USR_0448,KZ_REC_116,164300.0,KZT,2025-05-19 10:03:01,10,3,0,MERCHANT,1861200.0,140540.51,1.17,0.088,0,1,0,0,На продукты,0
TXN-2025-017900,KZ_USR_0701,KZ_REC_545,237600.0,KZT,2025-04-30 12:16:44,12,16,2,MERCHANT,2809800.0,105214.31,2.26,0.085,0,1,0,0,Зарплата,0
TXN-2025-007790,KZ_USR_1081,KZ_REC_234,129700.0,KZT,2025-04-11 12:44:28,12,44,4,PAYMENT,1095600.0,145815.2,0.89,0.118,0,1,0,0,Услуги репетитора,0
TXN-2025-019031,KZ_USR_0879,KZ_REC_679,82900.0,KZT,2025-05-01 11:14:46,11,14,3,MERCHANT,394600.0,24335.36,3.41,0.21,0,1,0,0,Оплата кофе,0
TXN-2025-016964,KZ_USR_0908,KZ_REC_5509,330600.0,KZT,2025-04-23 07:19:58,7,19,2,MERCHANT,1905100.0,74690.78,4.43,0.174,1,1,0,0,Подарок на день рождения,0
TXN-2025-009765,KZ_USR_0163,KZ_REC_535,87200.0,KZT,2025-05-17 08:11:56,8,11,5,MERCHANT,215600.0,121364.75,0.72,0.404,0,1,0,0,Зарплата,0
TXN-2025-011318,KZ_USR_0011,KZ_REC_821,11200.0,KZT,2025-05-25 16:26:11,16,26,6,MERCHANT,86700.0,23293.52,0.48,0.129,0,2,0,0,Перевод маме,0
TXN-2025-021612,KZ_USR_0049,KZ_REC_268,140200.0,KZT,2025-04-22 04:37:43,4,37,1,MERCHANT,451300.0,107473.64,1.3,0.311,0,1,0,0,Оплата обеда,0
TXN-2025-000155,KZ_USR_0039,KZ_REC_8065,269400.0,KZT,2025-05-20 13:30:48,13,30,1,P2P_TRANSFER,496900.0,129477.28,2.08,0.542,1,3,0,0,Возврат долга,0
TXN-2025-002812,KZ_USR_0085,KZ_REC_2238,66000.0,KZT,2025-05-18 23:32:30,23,32,6,PAYMENT,410100.0,69757.17,0.95,0.161,1,1,0,0,Срочно на карту,0
TXN-2025-007147,KZ_USR_0293,KZ_REC_778,215100.0,KZT,2025-05-17 10:45:55,10,45,5,MERCHANT,2299100.0,151616.09,1.42,0.094,0,1,0,0,Подарок на день рождения,0
TXN-2025-006630,KZ_USR_0295,KZ_REC_758,92400.0,KZT,2025-05-22 12:06:25,12,6,3,PAYMENT,401600.0,40329.68,2.29,0.23,0,1,0,0,Пополнение карты,0
TXN-2025-013217,KZ_USR_0900,KZ_REC_564,15500.0,KZT,2025-05-16 16:26:50,16,26,4,MERCHANT,141600.0,33681.36,0.46,0.109,0,1,0,0,Коммуналка,0
TXN-2025-017263,KZ_USR_0004,KZ_REC_338,82500.0,KZT,2025-05-31 13:52:23,13,52,5,MERCHANT,963100.0,115785.36,0.71,0.086,0,1,0,0,Пополнение карты,0
TXN-2025-019244,KZ_USR_0100,KZ_REC_606,22900.0,KZT,2025-05-26 16:34:42,16,34,0,MERCHANT,218800.0,37262.63,0.61,0.105,0,2,0,0,Оплата обеда,0
TXN-2025-008592,KZ_USR_0588,KZ_REC_226,52400.0,KZT,2025-04-28 10:57:21,10,57,0,MERCHANT,459100.0,40620.76,1.29,0.114,0,2,0,0,На карманные расходы,0
TXN-2025-016558,KZ_USR_0844,KZ_REC_762,311200.0,KZT,2025-04-21 20:57:21,20,57,0,PAYMENT,3210700.0,173771.25,1.79,0.097,0,2,0,0,Возврат долга,0
TXN-2025-024265,KZ_USR_0679,KZ_REC_459,52700.0,KZT,2025-05-01 09:24:03,9,24,3,MERCHANT,270800.0,175115.27,0.3,0.195,0,1,0,0,Срочно на карту,0
TXN-2025-016164,KZ_USR_0450,KZ_REC_339,49500.0,KZT,2025-05-31 17:37:29,17,37,5,P2P_TRANSFER,338400.0,33360.11,1.48,0.146,0,1,0,0,Перевод маме,0
TXN-2025-008336,KZ_USR_0571,KZ_REC_374,59800.0,KZT,2025-05-02 12:24:14,12,24,4,MERCHANT,118400.0,102238.32,0.58,0.505,0,1,0,0,Билеты в кино,0
TXN-2025-002638,KZ_USR_0445,KZ_REC_454,316400.0,KZT,2025-05-21 14:07:18,14,7,2,P2P_TRANSFER,3193000.0,150047.93,2.11,0.099,0,1,1,0,Подарок на день рождения,0
TXN-2025-022946,KZ_USR_0624,KZ_REC_124,59200.0,KZT,2025-05-08 19:14:27,19,14,3,PAYMENT,213400.0,97523.68,0.61,0.277,0,1,0,0,Перевод коллеге,0
TXN-2025-009217,KZ_USR_0130,KZ_REC_679,131600.0,KZT,2025-05-14 15:55:39,15,55,2,P2P_TRANSFER,1399300.0,101719.57,1.29,0.094,0,1,0,0,Перевод коллеге,0
TXN-2025-018515,KZ_USR_0576,KZ_REC_184,207600.0,KZT,2025-05-23 15:37:34,15,37,4,PAYMENT,951700.0,171923.3,1.21,0.218,0,2,0,0,На продукты,0
TXN-2025-006243,KZ_USR_0037,KZ_REC_824,51400.0,KZT,2025-04-09 07:47:24,7,47,2,PAYMENT,159600.0,68738.2,0.75,0.322,0,2,0,0,Пополнение карты,0
TXN-2025-002296,KZ_USR_1046,KZ_REC_889,45400.0,KZT,2025-05-19 15:03:50,15,3,0,PAYMENT,350400.0,118538.11,0.38,0.13,0,3,0,0,Пополнение карты,0
TXN-2025-018723,KZ_USR_0834,KZ_REC_439,51300.0,KZT,2025-04-22 07:04:23,7,4,1,MERCHANT,435300.0,48221.92,1.06,0.118,0,1,0,0,Оплата кофе,0
TXN-2025-013298,KZ_USR_1149,KZ_REC_321,146700.0,KZT,2025-05-11 18:37:21,18,37,6,MERCHANT,890400.0,156093.08,0.94,0.165,0,1,0,1,На карманные расходы,0
TXN-2025-009624,KZ_USR_0512,KZ_REC_595,331100.0,KZT,2025-05-21 11:32:21,11,32,2,P2P_TRANSFER,3217500.0,86918.89,3.81,0.103,0,1,0,0,Пополнение карты,0
TXN-2025-000337,KZ_USR_0259,KZ_REC_4501,52000.0,KZT,2025-05-04 15:34:18,15,34,6,MERCHANT,328300.0,111209.79,0.47,0.158,1,1,0,0,Оплата обеда,0
TXN-2025-016917,KZ_USR_1134,KZ_REC_576,50300.0,KZT,2025-05-17 18:42:03,18,42,5,PAYMENT,254100.0,55229.31,0.91,0.198,0,1,0,0,На карманные расходы,0
TXN-2025-005886,KZ_USR_0714,KZ_REC_1953,428000.0,KZT,2025-04-20 16:21:39,16,21,6,PAYMENT,2282500.0,85894.55,4.98,0.188,1,1,0,0,Зарплата,0
TXN-2025-020111,KZ_USR_0285,KZ_REC_719,290300.0,KZT,2025-05-26 07:13:02,7,13,0,P2P_TRANSFER,3454000.0,112524.82,2.58,0.084,0,3,1,0,Подарок на день рождения,0
TXN-2025-000331,KZ_USR_0119,KZ_REC_531,509500.0,KZT,2025-05-11 08:45:51,8,45,6,PAYMENT,5448300.0,162809.44,3.13,0.094,0,1,0,0,На карманные расходы,0
TXN-2025-006063,KZ_USR_1067,KZ_REC_5742,31700.0,KZT,2025-05-09 03:50:41,3,50,4,PAYMENT,319000.0,58204.34,0.54,0.099,1,1,1,1,Срочно на карту,0
TXN-2025-024713,KZ_USR_1132,KZ_REC_632,53600.0,KZT,2025-05-30 14:31:05,14,31,4,P2P_TRANSFER,605800.0,99340.12,0.54,0.088,0,1,0,0,Возврат долга,0
TXN-2025-009364,KZ_USR_0969,KZ_REC_271,214500.0,KZT,2025-04-29 08:35:14,8,35,1,PAYMENT,1139500.0,110624.74,1.94,0.188,0,1,0,0,Коммуналка,0
TXN-2025-000705,KZ_USR_0218,KZ_REC_114,536700.0,KZT,2025-05-05 09:47:52,9,47,0,P2P_TRANSFER,1396900.0,139438.62,3.85,0.384,0,1,0,0,Оплата обеда,0
TXN-2025-014228,KZ_USR_0466,KZ_REC_9064,57900.0,KZT,2025-05-08 17:19:47,17,19,3,P2P_TRANSFER,593200.0,79979.29,0.72,0.098,1,1,0,0,Возврат долга,0
TXN-2025-012351,KZ_USR_0025,KZ_REC_111,40300.0,KZT,2025-05-20 19:39:33,19,39,1,PAYMENT,258200.0,92971.2,0.43,0.156,0,1,0,1,Билеты в кино,0
TXN-2025-001423,KZ_USR_0086,KZ_REC_9893,33400.0,KZT,2025-04-13 18:05:19,18,5,6,MERCHANT,163700.0,72029.33,0.46,0.204,1,1,0,0,Аренда жилья,0
TXN-2025-008191,KZ_USR_0753,KZ_REC_114,83400.0,KZT,2025-04-26 11:59:22,11,59,5,P2P_TRANSFER,900400.0,120433.29,0.69,0.093,0,1,0,0,Аренда жилья,0
TXN-2025-012950,KZ_USR_0017,KZ_REC_2009,49700.0,KZT,2025-05-11 12:50:14,12,50,6,P2P_TRANSFER,398500.0,68678.76,0.72,0.125,1,1,0,0,Зарплата,0
TXN-2025-005067,KZ_USR_0193,KZ_REC_439,249200.0,KZT,2025-04-05 18:05:14,18,5,5,PAYMENT,747300.0,164066.89,1.52,0.333,0,2,1,0,Подарок на день рождения,0
TXN-2025-017520,KZ_USR_0212,KZ_REC_294,231200.0,KZT,2025-04-08 20:03:39,20,3,1,MERCHANT,1767400.0,130703.23,1.77,0.131,0,1,0,0,Услуги репетитора,0
TXN-2025-012610,KZ_USR_0876,KZ_REC_703,60700.0,KZT,2025-04-04 12:16:48,12,16,4,MERCHANT,671300.0,44984.42,1.35,0.09,0,1,0,0,За бензин,0
TXN-2025-024792,KZ_USR_0009,KZ_REC_847,214300.0,KZT,2025-05-08 10:29:17,10,29,3,P2P_TRANSFER,2160400.0,116178.4,1.84,0.099,0,1,0,0,За бензин,0
TXN-2025-022844,KZ_USR_0793,KZ_REC_1591,87700.0,KZT,2025-04-24 20:17:46,20,17,3,PAYMENT,542900.0,100942.19,0.87,0.162,1,1,0,0,Зарплата,0
TXN-2025-005481,KZ_USR_0283,KZ_REC_178,58800.0,KZT,2025-04-21 16:05:56,16,5,0,P2P_TRANSFER,111200.0,80093.27,0.73,0.529,0,1,0,0,На продукты,0
TXN-2025-024551,KZ_USR_0263,KZ_REC_320,22000.0,KZT,2025-05-10 14:41:56,14,41,5,MERCHANT,109000.0,42413.44,0.52,0.202,0,1,1,0,Оплата обеда,0
TXN-2025-007778,KZ_USR_1148,KZ_REC_343,90700.0,KZT,2025-05-04 10:06:19,10,6,6,P2P_TRANSFER,234200.0,125352.29,0.72,0.387,0,2,0,0,На карманные расходы,0
TXN-2025-010336,KZ_USR_0818,KZ_REC_356,106600.0,KZT,2025-05-03 14:57:01,14,57,5,P2P_TRANSFER,881900.0,83840.43,1.27,0.121,0,1,0,0,Перевод маме,0
TXN-2025-015442,KZ_USR_0211,KZ_REC_720,159200.0,KZT,2025-05-28 12:44:05,12,44,2,P2P_TRANSFER,1269400.0,107797.41,1.48,0.125,0,3,0,0,Аренда жилья,0
TXN-2025-021538,KZ_USR_0079,KZ_REC_5882,57300.0,KZT,2025-04-16 04:00:31,4,0,2,PAYMENT,495800.0,77354.52,0.74,0.116,1,1,0,0,Аренда жилья,0
TXN-2025-000756,KZ_USR_1162,KZ_REC_275,20700.0,KZT,2025-05-11 19:31:06,19,31,6,PAYMENT,57900.0,40619.18,0.51,0.358,0,1,0,0,На продукты,0
TXN-2025-015685,KZ_USR_0144,KZ_REC_3736,86700.0,KZT,2025-04-12 13:39:28,13,39,5,MERCHANT,461300.0,68140.53,1.27,0.188,1,1,0,0,Оплата кофе,0
TXN-2025-014119,KZ_USR_0655,KZ_REC_7310,21700.0,KZT,2025-04-04 10:23:15,10,23,4,P2P_TRANSFER,258500.0,89065.53,0.24,0.084,1,1,0,0,На продукты,0
TXN-2025-000866,KZ_USR_0684,KZ_REC_721,129200.0,KZT,2025-04-04 09:28:17,9,28,4,P2P_TRANSFER,560100.0,126982.92,1.02,0.231,0,1,0,0,Подарок на день рождения,0
TXN-2025-012794,KZ_USR_0694,KZ_REC_163,68200.0,KZT,2025-05-01 13:05:28,13,5,3,P2P_TRANSFER,532000.0,58785.56,1.16,0.128,0,1,0,0,Оплата кофе,0
TXN-2025-003243,KZ_USR_1033,KZ_REC_646,34300.0,KZT,2025-04-24 20:01:04,20,1,3,MERCHANT,185600.0,56801.41,0.6,0.185,0,1,0,0,Зарплата,0
TXN-2025-004916,KZ_USR_0892,KZ_REC_265,539600.0,KZT,2025-05-07 00:53:19,0,53,2,P2P_TRANSFER,5773900.0,156911.43,3.44,0.093,0,2,0,0,Услуги репетитора,0
TXN-2025-001240,KZ_USR_0415,KZ_REC_7528,61900.0,KZT,2025-04-24 18:42:02,18,42,3,PAYMENT,318700.0,121093.95,0.51,0.194,1,1,0,0,Подарок на день рождения,0
TXN-2025-016079,KZ_USR_0997,KZ_REC_9624,115800.0,KZT,2025-04-12 20:32:23,20,32,5,MERCHANT,846400.0,166770.17,0.69,0.137,1,1,0,0,Зарплата,0
TXN-2025-005254,KZ_USR_0016,KZ_REC_324,46800.0,KZT,2025-04-01 17:56:22,17,56,1,MERCHANT,176800.0,49344.72,0.95,0.265,0,1,0,0,Билеты в кино,0
TXN-2025-021917,KZ_USR_0043,KZ_REC_155,22300.0,KZT,2025-05-06 16:08:31,16,8,1,P2P_TRANSFER,81900.0,25502.16,0.87,0.272,0,1,0,0,Билеты в кино,0
TXN-2025-013852,KZ_USR_1065,KZ_REC_2482,81000.0,KZT,2025-05-11 14:09:52,14,9,6,MERCHANT,815700.0,87417.12,0.93,0.099,1,1,0,0,Возврат долга,0
TXN-2025-023360,KZ_USR_0103,KZ_REC_709,117000.0,KZT,2025-04-08 15:36:10,15,36,1,MERCHANT,924700.0,70296.96,1.66,0.127,0,1,0,0,Оплата обеда,0
TXN-2025-015512,KZ_USR_0951,KZ_REC_4709,57900.0,KZT,2025-04-16 15:59:47,15,59,2,MERCHANT,348000.0,116082.7,0.5,0.166,1,1,0,0,Возврат долга,0
TXN-2025-002260,KZ_USR_0665,KZ_REC_251,32900.0,KZT,2025-05-27 17:16:23,17,16,1,P2P_TRANSFER,382100.0,36285.2,0.91,0.086,0,1,0,0,Возврат долга,0
TXN-2025-012790,KZ_USR_0209,KZ_REC_122,30000.0,KZT,2025-04-13 12:50:38,12,50,6,MERCHANT,267400.0,20809.85,1.44,0.112,0,1,1,0,Возврат долга,0
TXN-2025-019213,KZ_USR_0249,KZ_REC_3036,74200.0,KZT,2025-05-30 21:17:09,21,17,4,PAYMENT,356900.0,174179.2,0.43,0.208,1,1,0,0,Возврат долга,0
TXN-2025-011695,KZ_USR_0057,KZ_REC_529,33500.0,KZT,2025-04-06 18:16:59,18,16,6,PAYMENT,385800.0,34158.8,0.98,0.087,0,3,0,0,Зарплата,0
TXN-2025-016302,KZ_USR_0688,KZ_REC_777,102100.0,KZT,2025-05-25 10:48:14,10,48,6,P2P_TRANSFER,196800.0,64796.65,1.58,0.519,0,1,0,0,Аренда жилья,0
TXN-2025-001725,KZ_USR_1160,KZ_REC_662,23900.0,KZT,2025-05-03 10:04:09,10,4,5,PAYMENT,94900.0,24679.57,0.97,0.252,0,1,0,1,Срочно на карту,0
TXN-2025-023051,KZ_USR_0023,KZ_REC_7714,59700.0,KZT,2025-04-16 09:26:57,9,26,2,P2P_TRANSFER,400800.0,66743.14,0.89,0.149,1,1,0,0,Подарок на день рождения,0
TXN-2025-000101,KZ_USR_0764,KZ_REC_526,650600.0,KZT,2025-04-23 08:28:31,8,28,2,MERCHANT,4671000.0,139031.41,4.68,0.139,0,1,0,0,Услуги репетитора,0
TXN-2025-007093,KZ_USR_0501,KZ_REC_1480,73600.0,KZT,2025-05-20 14:26:32,14,26,1,MERCHANT,359400.0,131705.87,0.56,0.205,1,1,0,0,За бензин,0
TXN-2025-002678,KZ_USR_0351,KZ_REC_1514,165600.0,KZT,2025-04-08 17:53:56,17,53,1,PAYMENT,400400.0,100501.8,1.65,0.414,1,1,0,0,Аренда жилья,0
TXN-2025-024508,KZ_USR_1071,KZ_REC_336,40300.0,KZT,2025-04-10 09:47:23,9,47,3,P2P_TRANSFER,468300.0,67409.3,0.6,0.086,0,1,0,0,На карманные расходы,0
TXN-2025-001103,KZ_USR_0345,KZ_REC_496,73400.0,KZT,2025-04-01 14:50:14,14,50,1,MERCHANT,464500.0,83760.76,0.88,0.158,0,1,0,0,Оплата обеда,0
TXN-2025-007426,KZ_USR_0879,KZ_REC_626,67400.0,KZT,2025-04-15 08:58:23,8,58,1,PAYMENT,579400.0,24335.36,2.77,0.116,0,1,0,0,Оплата обеда,0
TXN-2025-021306,KZ_USR_0717,KZ_REC_159,247500.0,KZT,2025-04-24 13:23:21,13,23,3,PAYMENT,2030400.0,152899.11,1.62,0.122,0,1,0,0,Оплата кофе,0
TXN-2025-021568,KZ_USR_0792,KZ_REC_221,69400.0,KZT,2025-04-23 14:02:28,14,2,2,PAYMENT,395300.0,113796.77,0.61,0.176,0,1,0,1,Перевод коллеге,0
TXN-2025-007420,KZ_USR_1115,KZ_REC_307,78100.0,KZT,2025-05-20 19:58:03,19,58,1,MERCHANT,594900.0,114870.39,0.68,0.131,0,1,0,0,Перевод маме,0
TXN-2025-018392,KZ_USR_0814,KZ_REC_615,387400.0,KZT,2025-05-22 10:28:53,10,28,3,MERCHANT,4039600.0,167334.7,2.32,0.096,0,1,0,0,Билеты в кино,0
TXN-2025-016870,KZ_USR_0846,KZ_REC_357,154000.0,KZT,2025-04-09 18:27:04,18,27,2,P2P_TRANSFER,907200.0,86339.86,1.78,0.17,0,1,1,0,Услуги репетитора,0
TXN-2025-002540,KZ_USR_0717,KZ_REC_159,674200.0,KZT,2025-04-08 14:10:33,14,10,1,PAYMENT,3217800.0,152899.11,4.41,0.21,0,1,0,0,Перевод коллеге,0
TXN-2025-000414,KZ_USR_0915,KZ_REC_452,96100.0,KZT,2025-05-08 18:07:05,18,7,3,PAYMENT,818300.0,108327.55,0.89,0.117,0,1,0,0,Возврат долга,0
TXN-2025-020589,KZ_USR_0461,KZ_REC_308,22800.0,KZT,2025-04-17 08:49:26,8,49,3,MERCHANT,71900.0,38804.2,0.59,0.317,0,2,0,0,Билеты в кино,0
TXN-2025-017729,KZ_USR_0463,KZ_REC_4484,134000.0,KZT,2025-05-24 20:00:04,20,0,5,P2P_TRANSFER,559000.0,139367.18,0.96,0.24,1,1,0,0,Подарок на день рождения,0
TXN-2025-007341,KZ_USR_0629,KZ_REC_8976,17600.0,KZT,2025-04-05 10:40:41,10,40,5,MERCHANT,53200.0,25869.31,0.68,0.331,1,1,0,0,Коммуналка,0
TXN-2025-013707,KZ_USR_0404,KZ_REC_488,100400.0,KZT,2025-05-31 19:21:11,19,21,5,PAYMENT,1041700.0,152233.19,0.66,0.096,0,1,0,0,Подарок на день рождения,0
TXN-2025-006578,KZ_USR_1000,KZ_REC_143,79700.0,KZT,2025-05-03 15:41:57,15,41,5,PAYMENT,233100.0,91360.92,0.87,0.342,0,1,0,0,Возврат долга,0
TXN-2025-015123,KZ_USR_1150,KZ_REC_896,167600.0,KZT,2025-05-05 17:47:31,17,47,0,MERCHANT,1352000.0,158767.07,1.06,0.124,0,1,0,0,Пополнение карты,0
TXN-2025-020092,KZ_USR_1146,KZ_REC_484,327100.0,KZT,2025-04-29 08:43:41,8,43,1,P2P_TRANSFER,2962600.0,160580.8,2.04,0.11,0,1,0,0,Срочно на карту,0
TXN-2025-014929,KZ_USR_0664,KZ_REC_9049,35700.0,KZT,2025-04-14 08:48:54,8,48,0,MERCHANT,396300.0,57956.29,0.62,0.09,1,1,0,0,Пополнение карты,0
TXN-2025-024114,KZ_USR_0230,KZ_REC_162,163800.0,KZT,2025-04-17 11:34:15,11,34,3,P2P_TRANSFER,742800.0,120982.18,1.35,0.221,0,1,0,1,Возврат долга,0
TXN-2025-015666,KZ_USR_0336,KZ_REC_844,25600.0,KZT,2025-04-28 00:59:49,0,59,0,MERCHANT,74600.0,26516.61,0.97,0.343,0,1,0,0,Возврат долга,0
TXN-2025-003499,KZ_USR_0639,KZ_REC_505,71500.0,KZT,2025-05-12 11:57:59,11,57,0,P2P_TRANSFER,151100.0,63078.92,1.13,0.473,0,1,0,0,Возврат долга,0
TXN-2025-017622,KZ_USR_0556,KZ_REC_607,39600.0,KZT,2025-05-16 14:02:42,14,2,4,MERCHANT,213100.0,84557.26,0.47,0.186,0,2,0,0,Коммуналка,0
TXN-2025-002361,KZ_USR_0040,KZ_REC_690,406100.0,KZT,2025-04-10 09:21:51,9,21,3,MERCHANT,2116200.0,90424.4,4.49,0.192,0,1,1,0,Перевод коллеге,0
TXN-2025-010466,KZ_USR_1112,KZ_REC_443,32400.0,KZT,2025-04-14 18:14:57,18,14,0,MERCHANT,148600.0,55910.49,0.58,0.218,0,2,0,1,Оплата обеда,0
TXN-2025-003612,KZ_USR_1097,KZ_REC_142,33300.0,KZT,2025-05-16 20:16:06,20,16,4,MERCHANT,345800.0,55277.79,0.6,0.096,0,1,0,0,Зарплата,0
TXN-2025-000301,KZ_USR_0966,KZ_REC_173,37000.0,KZT,2025-04-02 11:55:28,11,55,2,PAYMENT,282500.0,76907.63,0.48,0.131,0,1,0,0,Зарплата,0
TXN-2025-024733,KZ_USR_0064,KZ_REC_7266,128500.0,KZT,2025-05-22 04:37:49,4,37,3,PAYMENT,1377400.0,77080.53,1.67,0.093,1,1,0,1,Пополнение карты,0
TXN-2025-007535,KZ_USR_0511,KZ_REC_545,107100.0,KZT,2025-04-14 23:49:52,23,49,0,MERCHANT,348000.0,118146.43,0.91,0.308,0,1,1,0,Аренда жилья,0
TXN-2025-005632,KZ_USR_0252,KZ_REC_691,37800.0,KZT,2025-05-09 02:39:47,2,39,4,MERCHANT,178800.0,81615.64,0.46,0.211,0,1,0,0,Подарок на день рождения,0
TXN-2025-006283,KZ_USR_0544,KZ_REC_704,216400.0,KZT,2025-05-11 16:22:32,16,22,6,P2P_TRANSFER,765900.0,127472.11,1.7,0.283,0,2,0,0,Услуги репетитора,0
TXN-2025-010252,KZ_USR_0825,KZ_REC_826,42200.0,KZT,2025-04-14 22:38:57,22,38,0,MERCHANT,453400.0,105983.3,0.4,0.093,0,2,0,0,Срочно на карту,0
TXN-2025-019569,KZ_USR_0832,KZ_REC_617,61900.0,KZT,2025-04-20 23:49:37,23,49,6,MERCHANT,679700.0,92390.32,0.67,0.091,0,1,0,0,Аренда жилья,0
TXN-2025-014751,KZ_USR_0443,KZ_REC_328,68300.0,KZT,2025-05-24 14:29:57,14,29,5,MERCHANT,649000.0,79883.33,0.85,0.105,0,2,1,0,На продукты,0
TXN-2025-001864,KZ_USR_0975,KZ_REC_639,13800.0,KZT,2025-05-15 08:17:34,8,17,3,PAYMENT,77500.0,24989.3,0.55,0.178,0,1,0,0,Перевод маме,0
TXN-2025-022775,KZ_USR_0003,KZ_REC_132,156200.0,KZT,2025-05-06 04:57:57,4,57,1,MERCHANT,826900.0,137119.03,1.14,0.189,0,1,0,0,Услуги репетитора,0
TXN-2025-004971,KZ_USR_0155,KZ_REC_187,117200.0,KZT,2025-05-15 15:39:31,15,39,3,P2P_TRANSFER,1241100.0,177704.07,0.66,0.094,0,1,0,0,Пополнение карты,0
TXN-2025-012616,KZ_USR_1141,KZ_REC_590,171100.0,KZT,2025-04-26 22:48:37,22,48,5,MERCHANT,561400.0,151948.95,1.13,0.305,0,1,0,0,На продукты,0
TXN-2025-008331,KZ_USR_1068,KZ_REC_161,145900.0,KZT,2025-05-30 18:02:47,18,2,4,P2P_TRANSFER,431100.0,37675.86,3.87,0.338,0,1,0,0,Оплата обеда,0
TXN-2025-000646,KZ_USR_1000,KZ_REC_8542,61100.0,KZT,2025-04-04 13:22:00,13,22,4,PAYMENT,424700.0,91360.92,0.67,0.144,1,1,0,0,За бензин,0
TXN-2025-019317,KZ_USR_0941,KZ_REC_222,110800.0,KZT,2025-04-23 19:36:23,19,36,2,P2P_TRANSFER,496400.0,63848.84,1.74,0.223,0,1,0,0,Перевод коллеге,0
TXN-2025-015019,KZ_USR_0914,KZ_REC_414,146000.0,KZT,2025-04-21 13:07:37,13,7,0,MERCHANT,1396800.0,85505.86,1.71,0.105,0,1,0,0,На продукты,0
TXN-2025-020186,KZ_USR_0631,KZ_REC_502,136000.0,KZT,2025-04-25 20:33:16,20,33,4,P2P_TRANSFER,567100.0,134135.93,1.01,0.24,0,1,0,0,Коммуналка,0
TXN-2025-023016,KZ_USR_1181,KZ_REC_889,561400.0,KZT,2025-05-01 17:26:57,17,26,3,PAYMENT,1487400.0,174078.72,3.22,0.377,0,1,0,0,Оплата кофе,0
TXN-2025-008998,KZ_USR_0477,KZ_REC_160,28600.0,KZT,2025-04-04 12:32:42,12,32,4,P2P_TRANSFER,257900.0,31807.45,0.9,0.111,0,1,0,0,Перевод маме,0
TXN-2025-005338,KZ_USR_0219,KZ_REC_565,233400.0,KZT,2025-05-25 13:33:51,13,33,6,MERCHANT,2361700.0,123941.26,1.88,0.099,0,2,0,0,Билеты в кино,0
TXN-2025-023816,KZ_USR_1199,KZ_REC_829,110700.0,KZT,2025-04-22 10:19:59,10,19,1,MERCHANT,1013800.0,139944.29,0.79,0.109,0,1,0,0,Аренда жилья,0
TXN-2025-023967,KZ_USR_1085,KZ_REC_130,118000.0,KZT,2025-04-03 11:43:49,11,43,3,MERCHANT,1311100.0,171157.12,0.69,0.09,0,1,0,0,За бензин,0
TXN-2025-015631,KZ_USR_0959,KZ_REC_161,47200.0,KZT,2025-04-29 16:04:53,16,4,1,MERCHANT,248200.0,46605.34,1.01,0.19,0,1,0,0,Оплата кофе,0
TXN-2025-006300,KZ_USR_0668,KZ_REC_754,54600.0,KZT,2025-05-05 10:28:46,10,28,0,P2P_TRANSFER,545100.0,45709.02,1.19,0.1,0,1,1,0,Услуги репетитора,0
TXN-2025-010870,KZ_USR_0075,KZ_REC_798,152600.0,KZT,2025-04-30 16:26:35,16,26,2,P2P_TRANSFER,516900.0,133097.18,1.15,0.295,0,2,0,0,Возврат долга,0
TXN-2025-004386,KZ_USR_0532,KZ_REC_633,685900.0,KZT,2025-05-15 05:09:16,5,9,3,CASH_OUT,1660800.0,179954.83,3.81,0.413,0,4,0,0,Пополнение дроп счета,1
TXN-2025-012201,KZ_USR_0789,KZ_DROP_2378,742700.0,KZT,2025-04-28 02:13:32,2,13,0,P2P_TRANSFER,840200.0,93920.93,7.91,0.884,1,6,1,1,Аренда жилья,1
TXN-2025-008931,KZ_USR_1149,KZ_REC_279,265000.0,KZT,2025-05-08 06:11:29,6,11,3,PAYMENT,2082600.0,156093.08,1.7,0.127,0,1,0,0,Пополнение карты,0
TXN-2025-004451,KZ_USR_0396,KZ_REC_520,120200.0,KZT,2025-05-04 18:54:19,18,54,6,MERCHANT,494800.0,168921.17,0.71,0.243,0,1,0,0,Возврат долга,0
TXN-2025-014191,KZ_USR_0151,KZ_REC_753,191100.0,KZT,2025-05-02 06:05:29,6,5,4,MERCHANT,2128800.0,165322.54,1.16,0.09,0,3,0,0,Подарок на день рождения,0
TXN-2025-017836,KZ_USR_1144,KZ_REC_691,82100.0,KZT,2025-05-21 10:18:43,10,18,2,MERCHANT,271300.0,110517.11,0.74,0.303,0,1,0,0,Срочно на карту,0
TXN-2025-022629,KZ_USR_0515,KZ_REC_407,42400.0,KZT,2025-05-17 10:53:32,10,53,5,P2P_TRANSFER,259700.0,27234.99,1.56,0.163,0,1,0,0,Пополнение карты,0
TXN-2025-016712,KZ_USR_0887,KZ_REC_461,70800.0,KZT,2025-05-07 09:47:06,9,47,2,PAYMENT,381000.0,124439.38,0.57,0.186,0,1,0,0,Оплата обеда,0
TXN-2025-006770,KZ_USR_0282,KZ_REC_705,42900.0,KZT,2025-05-10 09:59:16,9,59,5,PAYMENT,214500.0,74079.23,0.58,0.2,0,2,0,0,Срочно на карту,0
TXN-2025-013592,KZ_USR_0771,KZ_REC_787,160400.0,KZT,2025-05-22 19:40:06,19,40,3,MERCHANT,1591900.0,37701.08,4.25,0.101,0,1,0,0,Зарплата,0
TXN-2025-006067,KZ_USR_0425,KZ_REC_769,14500.0,KZT,2025-05-15 09:56:25,9,56,3,MERCHANT,42600.0,29209.4,0.5,0.34,0,1,0,0,Возврат долга,0
TXN-2025-012064,KZ_USR_0272,KZ_REC_432,53700.0,KZT,2025-05-08 11:49:26,11,49,3,PAYMENT,127600.0,149618.14,0.36,0.421,0,2,0,1,На карманные расходы,0
TXN-2025-021548,KZ_USR_0310,KZ_REC_341,43600.0,KZT,2025-04-11 16:16:14,16,16,4,PAYMENT,320300.0,63333.16,0.69,0.136,0,1,1,0,На карманные расходы,0
TXN-2025-003550,KZ_USR_0264,KZ_REC_540,125700.0,KZT,2025-05-06 17:02:11,17,2,1,P2P_TRANSFER,366700.0,102932.74,1.22,0.343,0,2,0,0,Коммуналка,0
TXN-2025-006587,KZ_USR_1004,KZ_REC_348,89000.0,KZT,2025-05-26 15:16:11,15,16,0,MERCHANT,648200.0,137155.98,0.65,0.137,0,1,0,1,На карманные расходы,0
TXN-2025-013798,KZ_USR_0068,KZ_REC_194,206800.0,KZT,2025-04-17 12:01:43,12,1,3,PAYMENT,1116800.0,148351.52,1.39,0.185,0,2,1,0,Пополнение карты,0
TXN-2025-013884,KZ_USR_0176,KZ_REC_431,175800.0,KZT,2025-05-09 15:52:34,15,52,4,MERCHANT,748600.0,47898.63,3.67,0.235,0,1,0,1,Услуги репетитора,0
TXN-2025-001226,KZ_USR_0911,KZ_REC_5225,63900.0,KZT,2025-04-22 20:50:28,20,50,1,MERCHANT,651100.0,114447.19,0.56,0.098,1,1,0,0,Пополнение карты,0
TXN-2025-013696,KZ_USR_0447,KZ_REC_529,517600.0,KZT,2025-04-20 19:43:19,19,43,6,MERCHANT,4091600.0,177760.17,2.91,0.127,0,1,0,0,Подарок на день рождения,0
TXN-2025-006962,KZ_USR_0420,KZ_REC_402,165700.0,KZT,2025-04-05 13:41:28,13,41,5,P2P_TRANSFER,1592500.0,140379.92,1.18,0.104,0,1,0,0,Коммуналка,0
TXN-2025-000213,KZ_USR_0484,KZ_REC_393,154400.0,KZT,2025-04-26 10:15:07,10,15,5,P2P_TRANSFER,1666500.0,120409.29,1.28,0.093,0,1,0,0,Зарплата,0
TXN-2025-013150,KZ_USR_0188,KZ_REC_701,247800.0,KZT,2025-05-14 20:08:26,20,8,2,PAYMENT,2082000.0,108832.13,2.28,0.119,0,1,0,0,Оплата кофе,0
TXN-2025-002546,KZ_USR_1167,KZ_REC_873,166000.0,KZT,2025-05-30 08:38:37,8,38,4,MERCHANT,1481100.0,153141.47,1.08,0.112,0,1,0,0,Коммуналка,0
TXN-2025-016123,KZ_USR_0181,KZ_REC_745,37000.0,KZT,2025-04-20 17:20:29,17,20,6,P2P_TRANSFER,244100.0,74570.62,0.5,0.152,0,1,0,0,Зарплата,0
TXN-2025-020368,KZ_USR_0179,KZ_REC_373,145200.0,KZT,2025-05-13 17:11:30,17,11,1,P2P_TRANSFER,398600.0,169876.8,0.85,0.364,0,3,0,0,Пополнение карты,0
TXN-2025-023640,KZ_USR_0522,KZ_REC_9638,87800.0,KZT,2025-05-06 12:47:18,12,47,1,PAYMENT,536400.0,80942.54,1.08,0.164,1,1,0,0,Подарок на день рождения,0
TXN-2025-007800,KZ_USR_0884,KZ_REC_820,26600.0,KZT,2025-04-22 15:11:36,15,11,1,PAYMENT,165500.0,36657.37,0.73,0.161,0,1,0,0,Срочно на карту,0
TXN-2025-007012,KZ_USR_0883,KZ_REC_147,11700.0,KZT,2025-04-12 16:28:16,16,28,5,MERCHANT,45300.0,23153.69,0.51,0.258,0,1,0,0,Аренда жилья,0
TXN-2025-021927,KZ_USR_0319,KZ_REC_346,264900.0,KZT,2025-05-23 14:33:56,14,33,4,PAYMENT,2544100.0,45029.93,5.88,0.104,0,1,0,0,За бензин,0
TXN-2025-021368,KZ_USR_0082,KZ_REC_2899,184900.0,KZT,2025-05-22 12:19:57,12,19,3,MERCHANT,1112400.0,119727.7,1.54,0.166,1,2,0,0,Коммуналка,0
TXN-2025-002796,KZ_USR_0155,KZ_REC_882,429500.0,KZT,2025-04-04 10:39:30,10,39,4,P2P_TRANSFER,1313300.0,177704.07,2.42,0.327,0,2,0,0,На карманные расходы,0
TXN-2025-006359,KZ_USR_0695,KZ_REC_8810,29200.0,KZT,2025-05-01 17:16:30,17,16,3,PAYMENT,185000.0,38373.89,0.76,0.158,1,1,0,0,Услуги репетитора,0
TXN-2025-006878,KZ_USR_0589,KZ_REC_459,148300.0,KZT,2025-05-28 01:21:50,1,21,2,P2P_TRANSFER,314000.0,40487.33,3.66,0.472,0,3,0,0,Услуги репетитора,1
TXN-2025-000915,KZ_USR_0420,KZ_REC_402,108100.0,KZT,2025-05-04 09:09:35,9,9,6,P2P_TRANSFER,781200.0,140379.92,0.77,0.138,0,1,0,0,Услуги репетитора,0
TXN-2025-018510,KZ_USR_0811,KZ_REC_624,170000.0,KZT,2025-05-11 12:43:04,12,43,6,MERCHANT,1962400.0,177574.59,0.96,0.087,0,1,0,0,Оплата обеда,0
TXN-2025-016286,KZ_USR_0760,KZ_REC_316,44300.0,KZT,2025-05-19 10:43:02,10,43,0,P2P_TRANSFER,351800.0,146175.55,0.3,0.126,0,1,0,0,Аренда жилья,0
TXN-2025-014842,KZ_USR_0199,KZ_REC_200,180600.0,KZT,2025-04-07 21:08:07,21,8,0,MERCHANT,1879000.0,161933.83,1.12,0.096,0,1,0,0,Оплата обеда,0
TXN-2025-013598,KZ_USR_0836,KZ_REC_5346,109000.0,KZT,2025-05-05 19:16:58,19,16,0,P2P_TRANSFER,1217100.0,87028.07,1.25,0.09,1,1,1,0,Пополнение карты,0
TXN-2025-016482,KZ_USR_0353,KZ_REC_667,252700.0,KZT,2025-04-17 14:54:02,14,54,3,MERCHANT,2108700.0,125390.98,2.02,0.12,0,1,0,0,Оплата обеда,0
TXN-2025-009427,KZ_USR_0438,KZ_REC_161,66200.0,KZT,2025-04-17 12:25:35,12,25,3,P2P_TRANSFER,143100.0,151497.61,0.44,0.463,0,1,0,0,Аренда жилья,0
TXN-2025-003391,KZ_USR_1127,KZ_REC_811,23300.0,KZT,2025-04-23 14:40:47,14,40,2,MERCHANT,82800.0,33917.88,0.69,0.281,0,1,0,0,Коммуналка,0
TXN-2025-012263,KZ_USR_0604,KZ_REC_859,201300.0,KZT,2025-05-10 17:16:41,17,16,5,MERCHANT,445600.0,34192.41,5.89,0.452,0,1,0,0,На карманные расходы,0
TXN-2025-009506,KZ_USR_0357,KZ_REC_796,19800.0,KZT,2025-05-07 12:29:09,12,29,2,MERCHANT,103100.0,24241.81,0.82,0.192,0,2,0,0,Коммуналка,0
TXN-2025-000262,KZ_USR_0902,KZ_REC_616,13500.0,KZT,2025-04-04 05:12:09,5,12,4,P2P_TRANSFER,52900.0,24245.15,0.56,0.255,0,1,0,0,Коммуналка,0
TXN-2025-012734,KZ_USR_0116,KZ_REC_503,44600.0,KZT,2025-04-16 19:33:52,19,33,2,PAYMENT,378200.0,159433.69,0.28,0.118,0,1,0,0,Билеты в кино,0
TXN-2025-003112,KZ_USR_0579,KZ_REC_179,67500.0,KZT,2025-04-23 13:49:36,13,49,2,PAYMENT,272300.0,98738.61,0.68,0.248,0,1,0,0,Билеты в кино,0
TXN-2025-015516,KZ_USR_0056,KZ_REC_692,78100.0,KZT,2025-04-27 12:55:38,12,55,6,MERCHANT,362300.0,167499.88,0.47,0.216,0,1,0,0,Билеты в кино,0
TXN-2025-020137,KZ_USR_0567,KZ_REC_512,91600.0,KZT,2025-05-21 11:56:32,11,56,2,P2P_TRANSFER,335900.0,82759.05,1.11,0.273,0,1,0,0,За бензин,0
TXN-2025-012285,KZ_USR_1022,KZ_REC_306,37200.0,KZT,2025-05-12 21:27:09,21,27,0,MERCHANT,340000.0,67575.84,0.55,0.109,0,3,0,0,Зарплата,0
TXN-2025-016015,KZ_USR_0565,KZ_REC_245,34900.0,KZT,2025-05-11 18:05:30,18,5,6,P2P_TRANSFER,132000.0,76094.01,0.46,0.264,0,2,0,0,За бензин,0
TXN-2025-021815,KZ_USR_0608,KZ_REC_130,30000.0,KZT,2025-04-19 12:05:45,12,5,5,PAYMENT,116600.0,78283.18,0.38,0.257,0,1,0,0,Аренда жилья,0
TXN-2025-021274,KZ_USR_0917,KZ_REC_663,73300.0,KZT,2025-05-23 14:40:05,14,40,4,P2P_TRANSFER,497600.0,67114.52,1.09,0.147,0,1,0,0,Аренда жилья,0
TXN-2025-003193,KZ_USR_0504,KZ_REC_498,131100.0,KZT,2025-05-28 07:53:51,7,53,2,PAYMENT,558200.0,150207.2,0.87,0.235,0,1,0,0,На карманные расходы,0
TXN-2025-018707,KZ_USR_0539,KZ_REC_498,102700.0,KZT,2025-05-27 11:43:46,11,43,1,PAYMENT,865300.0,92087.06,1.12,0.119,0,1,0,0,Коммуналка,0
TXN-2025-019464,KZ_USR_0167,KZ_REC_652,49700.0,KZT,2025-05-17 18:13:45,18,13,5,PAYMENT,457300.0,71324.81,0.7,0.109,0,1,0,0,Билеты в кино,0
TXN-2025-007518,KZ_USR_0043,KZ_REC_155,63100.0,KZT,2025-04-06 14:36:57,14,36,6,P2P_TRANSFER,646900.0,25502.16,2.47,0.098,0,1,1,0,На карманные расходы,0
TXN-2025-006934,KZ_USR_0777,KZ_REC_436,220200.0,KZT,2025-05-11 09:16:08,9,16,6,MERCHANT,2181800.0,56680.22,3.88,0.101,0,1,0,0,На продукты,0
TXN-2025-017133,KZ_USR_0150,KZ_REC_399,60600.0,KZT,2025-04-11 09:30:49,9,30,4,P2P_TRANSFER,424300.0,64583.43,0.94,0.143,0,1,0,0,На продукты,0
TXN-2025-014849,KZ_USR_0574,KZ_REC_805,156300.0,KZT,2025-04-06 15:04:25,15,4,6,MERCHANT,412200.0,119533.87,1.31,0.379,0,2,1,0,Зарплата,0
TXN-2025-023571,KZ_USR_0564,KZ_REC_521,20000.0,KZT,2025-04-10 18:44:38,18,44,3,MERCHANT,103000.0,22327.15,0.9,0.194,0,3,0,0,Подарок на день рождения,0
TXN-2025-018824,KZ_USR_0413,KZ_REC_304,130100.0,KZT,2025-05-31 00:48:16,0,48,5,MERCHANT,583500.0,172097.14,0.76,0.223,0,1,1,0,Перевод коллеге,0
TXN-2025-007193,KZ_USR_0473,KZ_REC_300,34400.0,KZT,2025-04-10 09:36:49,9,36,3,PAYMENT,103400.0,26905.59,1.28,0.333,0,2,0,0,Перевод коллеге,0
TXN-2025-022948,KZ_USR_0754,KZ_REC_118,153200.0,KZT,2025-05-19 10:50:25,10,50,0,MERCHANT,542300.0,73584.9,2.08,0.283,0,1,0,0,На продукты,0
TXN-2025-023458,KZ_USR_0834,KZ_REC_643,100600.0,KZT,2025-05-11 07:28:51,7,28,6,MERCHANT,372100.0,48221.92,2.09,0.27,0,1,1,0,Возврат долга,0
TXN-2025-011547,KZ_USR_0450,KZ_REC_7328,80600.0,KZT,2025-04-13 00:11:47,0,11,6,PAYMENT,920000.0,33360.11,2.42,0.088,1,1,0,0,Пополнение карты,0
TXN-2025-013268,KZ_USR_1098,KZ_REC_1076,18900.0,KZT,2025-05-06 11:30:56,11,30,1,MERCHANT,99500.0,49830.12,0.38,0.19,1,1,0,0,Возврат долга,0
TXN-2025-005334,KZ_USR_0558,KZ_REC_353,20200.0,KZT,2025-04-15 16:49:59,16,49,1,PAYMENT,150700.0,24605.23,0.82,0.134,0,1,0,0,Пополнение карты,0
TXN-2025-017333,KZ_USR_1017,KZ_REC_651,214000.0,KZT,2025-04-21 15:07:16,15,7,0,PAYMENT,1635600.0,48892.06,4.38,0.131,0,1,0,0,Перевод маме,0
TXN-2025-017168,KZ_USR_0487,KZ_REC_3513,59300.0,KZT,2025-05-05 16:55:58,16,55,0,PAYMENT,687700.0,27271.42,2.17,0.086,1,2,0,0,На продукты,0
TXN-2025-000359,KZ_USR_1174,KZ_REC_6534,163100.0,KZT,2025-04-20 10:36:28,10,36,6,PAYMENT,1644200.0,61568.57,2.65,0.099,1,2,0,0,Срочно на карту,0
TXN-2025-016524,KZ_USR_0520,KZ_REC_398,43000.0,KZT,2025-05-22 17:16:46,17,16,3,P2P_TRANSFER,455700.0,44066.7,0.98,0.094,0,1,0,0,Перевод маме,0
TXN-2025-018818,KZ_USR_1129,KZ_REC_685,143900.0,KZT,2025-05-19 20:25:11,20,25,0,PAYMENT,733100.0,79630.16,1.81,0.196,0,1,0,0,Пополнение карты,0
TXN-2025-012962,KZ_USR_0353,KZ_REC_686,112400.0,KZT,2025-04-06 14:54:25,14,54,6,PAYMENT,824500.0,125390.98,0.9,0.136,0,1,0,0,Аренда жилья,0
TXN-2025-014892,KZ_USR_0013,KZ_REC_564,164200.0,KZT,2025-05-12 11:37:42,11,37,0,P2P_TRANSFER,366300.0,153190.82,1.07,0.448,0,1,0,0,Услуги репетитора,0
TXN-2025-010910,KZ_USR_0595,KZ_REC_682,108300.0,KZT,2025-04-09 10:01:47,10,1,2,P2P_TRANSFER,499600.0,163486.15,0.66,0.217,0,1,1,0,Оплата обеда,0
TXN-2025-013257,KZ_USR_0064,KZ_REC_406,277100.0,KZT,2025-05-28 14:40:16,14,40,2,MERCHANT,3203700.0,77080.53,3.59,0.086,0,3,0,0,Срочно на карту,0
TXN-2025-022792,KZ_USR_0835,KZ_REC_784,107000.0,KZT,2025-04-11 07:30:03,7,30,4,PAYMENT,619900.0,99738.84,1.07,0.173,0,2,0,0,Услуги репетитора,0
TXN-2025-015264,KZ_USR_0936,KZ_REC_369,150700.0,KZT,2025-04-19 11:30:15,11,30,5,MERCHANT,1046800.0,63569.17,2.37,0.144,0,1,0,0,Оплата кофе,0
TXN-2025-014100,KZ_USR_0518,KZ_REC_485,87100.0,KZT,2025-04-15 18:06:50,18,6,1,MERCHANT,963000.0,149688.53,0.58,0.09,0,1,1,0,Подарок на день рождения,0
TXN-2025-002613,KZ_USR_0972,KZ_REC_155,545900.0,KZT,2025-04-21 21:50:10,21,50,0,MERCHANT,1305700.0,169892.76,3.21,0.418,0,1,0,0,Оплата кофе,0
TXN-2025-012617,KZ_USR_0455,KZ_REC_795,48400.0,KZT,2025-05-26 16:47:46,16,47,0,P2P_TRANSFER,391000.0,37791.6,1.28,0.124,0,1,0,1,Подарок на день рождения,0
TXN-2025-020248,KZ_USR_0436,KZ_DROP_2096,231100.0,KZT,2025-04-29 11:11:37,11,11,1,CASH_OUT,316400.0,132155.06,1.75,0.73,1,2,1,0,Перевод другу,1
TXN-2025-015411,KZ_USR_0154,KZ_REC_6055,121300.0,KZT,2025-05-22 13:59:17,13,59,3,MERCHANT,952700.0,98312.44,1.23,0.127,1,1,0,0,Перевод коллеге,0
TXN-2025-002431,KZ_USR_0243,KZ_REC_540,172900.0,KZT,2025-04-27 07:31:00,7,31,6,PAYMENT,1172800.0,166378.3,1.04,0.147,0,2,0,0,Возврат долга,0
TXN-2025-000988,KZ_USR_0629,KZ_REC_694,49700.0,KZT,2025-05-07 13:42:20,13,42,2,PAYMENT,483300.0,25869.31,1.92,0.103,0,2,0,0,Аренда жилья,0
TXN-2025-003891,KZ_USR_0660,KZ_REC_2734,85700.0,KZT,2025-05-20 20:57:21,20,57,1,PAYMENT,752000.0,111324.53,0.77,0.114,1,1,0,0,Перевод коллеге,0
TXN-2025-008330,KZ_USR_0275,KZ_REC_326,99900.0,KZT,2025-04-22 19:52:07,19,52,1,MERCHANT,234200.0,101814.78,0.98,0.427,0,2,0,0,На продукты,0
TXN-2025-006241,KZ_USR_0275,KZ_REC_326,195100.0,KZT,2025-05-28 14:32:01,14,32,2,PAYMENT,1537300.0,101814.78,1.92,0.127,0,1,0,0,Перевод коллеге,0
TXN-2025-020151,KZ_USR_0382,KZ_REC_882,90300.0,KZT,2025-05-25 12:24:52,12,24,6,MERCHANT,694200.0,131477.95,0.69,0.13,0,1,0,0,На карманные расходы,0
TXN-2025-009091,KZ_USR_0382,KZ_REC_386,65800.0,KZT,2025-05-24 11:53:19,11,53,5,PAYMENT,413500.0,131477.95,0.5,0.159,0,1,0,0,За бензин,0
TXN-2025-023785,KZ_USR_0122,KZ_REC_141,215200.0,KZT,2025-05-15 11:51:56,11,51,3,PAYMENT,909700.0,163374.61,1.32,0.237,0,1,0,0,За бензин,0
TXN-2025-024300,KZ_USR_0957,KZ_REC_629,161400.0,KZT,2025-04-17 09:49:29,9,49,3,MERCHANT,960400.0,103026.83,1.57,0.168,0,1,0,0,Перевод маме,0
TXN-2025-017782,KZ_USR_0599,KZ_REC_7066,114700.0,KZT,2025-05-08 16:22:36,16,22,3,MERCHANT,1203000.0,50766.24,2.26,0.095,1,1,0,0,Аренда жилья,0
TXN-2025-020581,KZ_USR_0234,KZ_REC_102,34000.0,KZT,2025-04-29 09:56:10,9,56,1,P2P_TRANSFER,100800.0,98802.83,0.34,0.337,0,1,0,0,На продукты,0
TXN-2025-000538,KZ_USR_0333,KZ_REC_716,41200.0,KZT,2025-04-13 08:48:27,8,48,6,MERCHANT,468100.0,22302.96,1.85,0.088,0,2,0,0,Оплата кофе,0
TXN-2025-020013,KZ_USR_0099,KZ_REC_1519,17400.0,KZT,2025-04-25 08:58:19,8,58,4,MERCHANT,194100.0,24067.06,0.72,0.09,1,1,0,0,За бензин,0
TXN-2025-001540,KZ_USR_0121,KZ_REC_1050,301000.0,KZT,2025-05-01 15:15:14,15,15,3,PAYMENT,3109900.0,149190.42,2.02,0.097,1,1,0,0,За бензин,0
TXN-2025-006507,KZ_USR_1115,KZ_REC_6912,57200.0,KZT,2025-04-16 07:34:31,7,34,2,P2P_TRANSFER,324800.0,114870.39,0.5,0.176,1,1,0,0,Возврат долга,0
TXN-2025-007826,KZ_USR_1012,KZ_REC_849,90900.0,KZT,2025-04-26 09:41:56,9,41,5,P2P_TRANSFER,223100.0,178026.88,0.51,0.407,0,1,0,0,Перевод коллеге,0
TXN-2025-004524,KZ_USR_0169,KZ_REC_790,15300.0,KZT,2025-04-29 10:17:34,10,17,1,P2P_TRANSFER,126100.0,26524.02,0.58,0.121,0,2,0,0,Перевод маме,0
TXN-2025-002728,KZ_USR_0980,KZ_REC_7250,99000.0,KZT,2025-04-13 15:18:17,15,18,6,P2P_TRANSFER,520300.0,115494.86,0.86,0.19,1,1,0,0,Услуги репетитора,0
TXN-2025-015904,KZ_USR_0910,KZ_REC_484,52600.0,KZT,2025-05-16 18:22:44,18,22,4,MERCHANT,456100.0,80750.79,0.65,0.115,0,1,0,0,Пополнение карты,0
TXN-2025-009147,KZ_USR_0998,KZ_REC_852,67200.0,KZT,2025-05-13 14:02:04,14,2,1,PAYMENT,565500.0,41890.98,1.6,0.119,0,2,0,0,Билеты в кино,0
TXN-2025-005118,KZ_USR_0065,KZ_REC_206,84900.0,KZT,2025-04-12 18:48:29,18,48,5,MERCHANT,562700.0,64949.52,1.31,0.151,0,1,0,0,Срочно на карту,0
TXN-2025-007286,KZ_USR_0563,KZ_REC_795,22600.0,KZT,2025-05-25 09:45:20,9,45,6,MERCHANT,83100.0,41819.44,0.54,0.272,0,2,0,1,Перевод коллеге,0
TXN-2025-012448,KZ_USR_1140,KZ_REC_129,48200.0,KZT,2025-04-01 17:51:46,17,51,1,PAYMENT,228600.0,114785.25,0.42,0.211,0,1,0,0,Услуги репетитора,0
TXN-2025-008890,KZ_USR_0101,KZ_REC_868,19600.0,KZT,2025-04-09 20:30:13,20,30,2,P2P_TRANSFER,93800.0,25028.67,0.78,0.209,0,1,0,0,На продукты,0
TXN-2025-024232,KZ_USR_0763,KZ_REC_149,27000.0,KZT,2025-05-06 16:59:08,16,59,1,PAYMENT,209000.0,59758.26,0.45,0.129,0,1,0,0,Подарок на день рождения,0
TXN-2025-010839,KZ_USR_0416,KZ_REC_3896,101800.0,KZT,2025-04-25 20:41:04,20,41,4,P2P_TRANSFER,1090900.0,91751.28,1.11,0.093,1,1,0,0,За бензин,0
TXN-2025-014394,KZ_USR_1151,KZ_REC_595,40500.0,KZT,2025-04-19 08:09:32,8,9,5,MERCHANT,172900.0,133338.08,0.3,0.234,0,1,0,0,Оплата обеда,0
TXN-2025-014427,KZ_USR_0696,KZ_REC_8915,82500.0,KZT,2025-05-12 17:32:34,17,32,0,P2P_TRANSFER,438900.0,117699.21,0.7,0.188,1,1,0,0,Перевод коллеге,0
TXN-2025-011424,KZ_USR_0064,KZ_REC_406,174100.0,KZT,2025-05-19 18:39:14,18,39,0,PAYMENT,1354800.0,77080.53,2.26,0.129,0,2,0,1,Услуги репетитора,0
TXN-2025-015925,KZ_USR_0663,KZ_REC_120,94200.0,KZT,2025-05-01 19:24:11,19,24,3,MERCHANT,1070300.0,116923.97,0.81,0.088,0,1,0,0,Аренда жилья,0
TXN-2025-018360,KZ_USR_1113,KZ_REC_887,34500.0,KZT,2025-05-27 12:38:17,12,38,1,P2P_TRANSFER,242000.0,55810.82,0.62,0.143,0,1,0,0,Аренда жилья,0
TXN-2025-004121,KZ_USR_0494,KZ_REC_507,28500.0,KZT,2025-04-20 14:55:07,14,55,6,PAYMENT,296800.0,50099.39,0.57,0.096,0,3,0,0,Зарплата,0
TXN-2025-017315,KZ_USR_0088,KZ_REC_738,105400.0,KZT,2025-04-03 09:22:58,9,22,3,MERCHANT,1214500.0,122009.2,0.86,0.087,0,1,0,0,Услуги репетитора,0
TXN-2025-003124,KZ_USR_0065,KZ_REC_237,47400.0,KZT,2025-05-04 12:40:57,12,40,6,P2P_TRANSFER,244700.0,64949.52,0.73,0.194,0,2,1,0,Перевод коллеге,0
TXN-2025-015716,KZ_USR_0819,KZ_REC_807,12500.0,KZT,2025-04-16 09:07:17,9,7,2,PAYMENT,58000.0,28761.86,0.43,0.216,0,1,0,0,Перевод коллеге,0
TXN-2025-006797,KZ_USR_0494,KZ_REC_507,110800.0,KZT,2025-04-30 14:03:14,14,3,2,MERCHANT,537300.0,50099.39,2.21,0.206,0,1,0,0,За бензин,0
TXN-2025-018182,KZ_USR_0720,KZ_REC_556,445500.0,KZT,2025-05-20 07:46:49,7,46,1,PAYMENT,1129900.0,136938.8,3.25,0.394,0,1,0,0,Пополнение карты,0
TXN-2025-024865,KZ_USR_0688,KZ_REC_602,140000.0,KZT,2025-04-09 21:20:16,21,20,2,P2P_TRANSFER,1470600.0,64796.65,2.16,0.095,0,1,0,0,Пополнение карты,0
TXN-2025-010411,KZ_USR_0934,KZ_REC_219,66600.0,KZT,2025-05-16 10:23:05,10,23,4,PAYMENT,521200.0,104110.43,0.64,0.128,0,2,0,0,Коммуналка,0
TXN-2025-010639,KZ_USR_0355,KZ_REC_520,27600.0,KZT,2025-05-29 14:17:04,14,17,3,P2P_TRANSFER,216800.0,31291.0,0.88,0.127,0,1,0,0,Перевод коллеге,0
TXN-2025-002761,KZ_USR_0162,KZ_REC_172,61200.0,KZT,2025-04-14 12:44:22,12,44,0,MERCHANT,658700.0,121168.93,0.51,0.093,0,1,0,0,Срочно на карту,0
TXN-2025-007057,KZ_USR_0989,KZ_REC_647,109700.0,KZT,2025-05-21 08:36:56,8,36,2,PAYMENT,791600.0,59424.33,1.85,0.139,0,1,0,0,За бензин,0
TXN-2025-008519,KZ_USR_0758,KZ_REC_601,93700.0,KZT,2025-04-05 15:05:55,15,5,5,PAYMENT,944200.0,105353.77,0.89,0.099,0,1,0,0,За бензин,0
TXN-2025-010467,KZ_USR_0369,KZ_REC_426,32800.0,KZT,2025-05-02 15:08:50,15,8,4,P2P_TRANSFER,62800.0,51326.58,0.64,0.522,0,1,0,0,Возврат долга,0
TXN-2025-007310,KZ_USR_0782,KZ_REC_599,134900.0,KZT,2025-05-22 17:00:15,17,0,3,MERCHANT,980500.0,106835.91,1.26,0.138,0,1,0,0,Аренда жилья,0
TXN-2025-018317,KZ_USR_0780,KZ_REC_263,132700.0,KZT,2025-04-30 08:09:45,8,9,2,P2P_TRANSFER,265100.0,122583.62,1.08,0.501,0,1,0,0,Подарок на день рождения,0
TXN-2025-016556,KZ_USR_0908,KZ_REC_1646,96900.0,KZT,2025-04-23 18:43:57,18,43,2,MERCHANT,255200.0,74690.78,1.3,0.38,1,2,0,0,Перевод маме,0
TXN-2025-001206,KZ_USR_0828,KZ_REC_5690,55800.0,KZT,2025-05-02 16:48:29,16,48,4,P2P_TRANSFER,442000.0,75512.51,0.74,0.126,1,1,0,0,Перевод коллеге,0
TXN-2025-009823,KZ_USR_1176,KZ_REC_541,489800.0,KZT,2025-04-08 16:04:59,16,4,1,P2P_TRANSFER,5098600.0,106397.66,4.6,0.096,0,1,0,0,Пополнение карты,0
TXN-2025-017928,KZ_USR_0236,KZ_REC_859,57000.0,KZT,2025-04-07 07:31:50,7,31,0,MERCHANT,413600.0,135592.34,0.42,0.138,0,1,0,0,Билеты в кино,0
TXN-2025-019535,KZ_USR_0228,KZ_REC_341,222600.0,KZT,2025-05-22 11:54:18,11,54,3,MERCHANT,2484900.0,82895.64,2.69,0.09,0,3,0,0,Аренда жилья,0
TXN-2025-019056,KZ_USR_0532,KZ_DROP_3995,376400.0,KZT,2025-05-19 05:15:18,5,15,0,P2P_TRANSFER,732600.0,179954.83,2.09,0.514,1,4,1,0,Коммуналка,1
TXN-2025-007067,KZ_USR_0943,KZ_REC_735,54900.0,KZT,2025-04-24 21:54:01,21,54,3,PAYMENT,541100.0,124227.26,0.44,0.101,0,1,0,0,Оплата обеда,0
TXN-2025-006178,KZ_USR_0580,KZ_REC_331,37300.0,KZT,2025-04-25 22:51:29,22,51,4,MERCHANT,218700.0,61319.1,0.61,0.171,0,1,1,0,Возврат долга,0
TXN-2025-016012,KZ_USR_0956,KZ_REC_1386,183500.0,KZT,2025-04-11 09:46:15,9,46,4,PAYMENT,1151300.0,81302.16,2.26,0.159,1,1,1,0,На карманные расходы,0
TXN-2025-016416,KZ_USR_0350,KZ_REC_817,61500.0,KZT,2025-04-04 21:18:00,21,18,4,PAYMENT,475300.0,120137.59,0.51,0.129,0,1,1,0,На карманные расходы,0
TXN-2025-018045,KZ_USR_0151,KZ_REC_229,234600.0,KZT,2025-05-22 08:06:09,8,6,3,PAYMENT,1690500.0,165322.54,1.42,0.139,0,1,0,0,Пополнение карты,0
TXN-2025-010984,KZ_USR_0362,KZ_REC_272,196900.0,KZT,2025-05-16 19:31:12,19,31,4,P2P_TRANSFER,1687700.0,122926.11,1.6,0.117,0,2,0,0,Оплата кофе,0
TXN-2025-011380,KZ_USR_0925,KZ_REC_6410,81200.0,KZT,2025-04-08 19:59:36,19,59,1,PAYMENT,773300.0,88034.16,0.92,0.105,1,1,0,0,Оплата кофе,0
TXN-2025-023718,KZ_USR_0634,KZ_REC_560,90200.0,KZT,2025-05-08 12:34:17,12,34,3,PAYMENT,354300.0,105138.16,0.86,0.255,0,2,0,0,Оплата обеда,0
TXN-2025-013252,KZ_USR_1190,KZ_REC_1697,60700.0,KZT,2025-04-24 11:52:56,11,52,3,PAYMENT,615800.0,133307.53,0.46,0.099,1,2,0,0,Возврат долга,0
TXN-2025-007071,KZ_USR_0999,KZ_REC_262,213000.0,KZT,2025-04-06 18:15:28,18,15,6,P2P_TRANSFER,539600.0,172037.98,1.24,0.395,0,1,0,0,Услуги репетитора,0
TXN-2025-024885,KZ_USR_0417,KZ_REC_636,22100.0,KZT,2025-04-24 10:07:42,10,7,3,P2P_TRANSFER,222600.0,66913.72,0.33,0.099,0,1,0,0,Оплата кофе,0
TXN-2025-017689,KZ_USR_1106,KZ_REC_2437,33600.0,KZT,2025-04-23 10:15:43,10,15,2,PAYMENT,298700.0,47823.24,0.7,0.112,1,1,0,0,Коммуналка,0
TXN-2025-003477,KZ_USR_0403,KZ_REC_821,176000.0,KZT,2025-05-15 16:29:05,16,29,3,P2P_TRANSFER,621000.0,100840.38,1.75,0.283,0,1,0,0,Коммуналка,0
TXN-2025-002356,KZ_USR_0103,KZ_REC_643,24700.0,KZT,2025-04-26 23:23:28,23,23,5,P2P_TRANSFER,117000.0,70296.96,0.35,0.211,0,2,0,0,Оплата кофе,0
TXN-2025-021213,KZ_USR_0330,KZ_REC_476,75500.0,KZT,2025-05-01 09:53:21,9,53,3,PAYMENT,644000.0,59636.96,1.27,0.117,0,1,0,0,Зарплата,0
TXN-2025-001101,KZ_USR_1070,KZ_REC_7274,55800.0,KZT,2025-05-08 14:41:49,14,41,3,MERCHANT,308200.0,65958.24,0.85,0.181,1,1,0,1,За бензин,0
TXN-2025-002824,KZ_USR_0275,KZ_REC_178,70000.0,KZT,2025-04-18 16:22:52,16,22,4,P2P_TRANSFER,260600.0,101814.78,0.69,0.269,0,1,0,0,Оплата кофе,0
TXN-2025-002754,KZ_USR_0494,KZ_REC_870,158600.0,KZT,2025-05-21 07:37:05,7,37,2,MERCHANT,1001200.0,50099.39,3.17,0.158,0,1,0,0,Коммуналка,0
TXN-2025-013278,KZ_USR_0175,KZ_REC_778,239800.0,KZT,2025-05-11 18:26:58,18,26,6,P2P_TRANSFER,1547600.0,123227.65,1.95,0.155,0,1,1,0,На продукты,0
TXN-2025-010145,KZ_USR_0003,KZ_REC_532,309600.0,KZT,2025-04-26 17:02:09,17,2,5,MERCHANT,638900.0,137119.03,2.26,0.485,0,1,1,0,Возврат долга,0
TXN-2025-010689,KZ_USR_0583,KZ_REC_420,97800.0,KZT,2025-05-04 07:53:57,7,53,6,PAYMENT,1120600.0,98818.9,0.99,0.087,0,1,0,0,Перевод коллеге,0
TXN-2025-007276,KZ_USR_0939,KZ_REC_853,138500.0,KZT,2025-04-22 19:54:50,19,54,1,PAYMENT,348400.0,38840.17,3.57,0.398,0,1,0,0,Пополнение карты,0
TXN-2025-017346,KZ_USR_0484,KZ_REC_648,623900.0,KZT,2025-04-01 16:42:52,16,42,1,P2P_TRANSFER,6962100.0,120409.29,5.18,0.09,0,2,1,0,Услуги репетитора,0
TXN-2025-008967,KZ_USR_0863,KZ_REC_465,56500.0,KZT,2025-04-06 18:22:01,18,22,6,PAYMENT,384800.0,103902.44,0.54,0.147,0,1,0,0,Зарплата,0
TXN-2025-001615,KZ_USR_0999,KZ_REC_430,224000.0,KZT,2025-05-19 14:57:05,14,57,0,MERCHANT,1793700.0,172037.98,1.3,0.125,0,1,0,0,Пополнение карты,0
TXN-2025-007794,KZ_USR_0318,KZ_REC_539,55900.0,KZT,2025-04-21 03:26:43,3,26,0,MERCHANT,625100.0,47727.09,1.17,0.089,0,2,0,0,За бензин,0
TXN-2025-019481,KZ_USR_1062,KZ_REC_875,173200.0,KZT,2025-04-23 10:06:51,10,6,2,PAYMENT,1579000.0,177453.36,0.98,0.11,0,1,0,1,Оплата обеда,0
TXN-2025-001337,KZ_USR_1087,KZ_REC_209,144100.0,KZT,2025-05-04 14:03:51,14,3,6,MERCHANT,336100.0,118145.82,1.22,0.429,0,1,0,0,Коммуналка,0
TXN-2025-004874,KZ_USR_1113,KZ_REC_248,64300.0,KZT,2025-05-15 00:37:19,0,37,3,PAYMENT,225600.0,55810.82,1.15,0.285,0,1,0,0,Зарплата,0
TXN-2025-003315,KZ_USR_0011,KZ_REC_4304,23500.0,KZT,2025-04-10 12:51:54,12,51,3,MERCHANT,196800.0,23293.52,1.01,0.119,1,1,0,0,Зарплата,0
TXN-2025-023865,KZ_USR_0870,KZ_REC_573,252300.0,KZT,2025-05-19 14:23:12,14,23,0,PAYMENT,1055200.0,171378.47,1.47,0.239,0,1,0,0,За бензин,0
TXN-2025-007863,KZ_USR_0554,KZ_REC_1277,83000.0,KZT,2025-05-26 20:26:33,20,26,0,MERCHANT,768200.0,109750.08,0.76,0.108,1,1,0,0,Оплата обеда,0
TXN-2025-022457,KZ_USR_0576,KZ_REC_764,99700.0,KZT,2025-05-22 07:53:57,7,53,3,PAYMENT,411100.0,171923.3,0.58,0.243,0,2,0,0,Аренда жилья,0
TXN-2025-004449,KZ_USR_1151,KZ_REC_9425,121400.0,KZT,2025-04-17 09:50:16,9,50,3,P2P_TRANSFER,999000.0,133338.08,0.91,0.122,1,1,0,0,Оплата обеда,0
TXN-2025-014555,KZ_USR_0465,KZ_REC_7098,82800.0,KZT,2025-05-13 21:42:56,21,42,1,MERCHANT,229900.0,173947.61,0.48,0.36,1,2,0,0,Оплата обеда,0
TXN-2025-009488,KZ_USR_0908,KZ_REC_338,37900.0,KZT,2025-04-07 20:24:18,20,24,0,P2P_TRANSFER,406600.0,74690.78,0.51,0.093,0,1,0,0,Срочно на карту,0
TXN-2025-001092,KZ_USR_0948,KZ_REC_108,80200.0,KZT,2025-04-14 12:59:21,12,59,0,MERCHANT,441400.0,164002.98,0.49,0.182,0,1,0,0,Аренда жилья,0
TXN-2025-023709,KZ_USR_0627,KZ_REC_195,290300.0,KZT,2025-05-03 17:09:46,17,9,5,P2P_TRANSFER,2533000.0,94005.55,3.09,0.115,0,1,0,0,Услуги репетитора,0
TXN-2025-001145,KZ_USR_0628,KZ_REC_337,285400.0,KZT,2025-04-11 09:29:34,9,29,4,PAYMENT,2760100.0,139595.35,2.04,0.103,0,1,0,0,Перевод маме,0
TXN-2025-007615,KZ_USR_0197,KZ_REC_835,72900.0,KZT,2025-05-16 03:59:14,3,59,4,P2P_TRANSFER,538100.0,136152.91,0.54,0.135,0,2,0,0,Коммуналка,0
TXN-2025-009278,KZ_USR_0384,KZ_REC_873,483400.0,KZT,2025-04-02 16:19:12,16,19,2,P2P_TRANSFER,2745500.0,160395.52,3.01,0.176,0,2,0,0,Перевод коллеге,0
TXN-2025-014586,KZ_USR_0351,KZ_REC_1205,111300.0,KZT,2025-05-24 16:01:12,16,1,5,MERCHANT,739100.0,100501.8,1.11,0.151,1,1,0,0,Аренда жилья,0
TXN-2025-023214,KZ_USR_0759,KZ_REC_844,162900.0,KZT,2025-04-21 06:28:40,6,28,0,P2P_TRANSFER,1056900.0,163022.81,1.0,0.154,0,1,0,0,Оплата обеда,0
TXN-2025-024139,KZ_USR_0464,KZ_REC_316,129200.0,KZT,2025-04-05 14:49:12,14,49,5,PAYMENT,310800.0,113339.0,1.14,0.416,0,1,0,0,Аренда жилья,0
TXN-2025-013496,KZ_USR_0858,KZ_REC_522,62800.0,KZT,2025-04-16 23:15:09,23,15,2,MERCHANT,261500.0,95530.71,0.66,0.24,0,1,0,0,Коммуналка,0
TXN-2025-019815,KZ_USR_0849,KZ_REC_5774,146000.0,KZT,2025-05-29 14:06:17,14,6,3,MERCHANT,1044500.0,100351.2,1.45,0.14,1,1,0,0,На карманные расходы,0
TXN-2025-009555,KZ_USR_0755,KZ_REC_205,22600.0,KZT,2025-04-08 05:02:56,5,2,1,MERCHANT,96000.0,42283.53,0.53,0.235,0,2,0,0,Перевод коллеге,0
TXN-2025-010778,KZ_USR_0938,KZ_REC_375,170100.0,KZT,2025-05-28 12:28:10,12,28,2,MERCHANT,1690600.0,166287.81,1.02,0.101,0,1,0,0,Аренда жилья,0
TXN-2025-004151,KZ_USR_0338,KZ_REC_263,53700.0,KZT,2025-05-02 19:40:19,19,40,4,PAYMENT,304400.0,132585.26,0.41,0.176,0,1,0,0,Коммуналка,0
TXN-2025-004855,KZ_USR_0551,KZ_REC_675,64200.0,KZT,2025-05-22 15:21:25,15,21,3,P2P_TRANSFER,471000.0,103226.16,0.62,0.136,0,3,0,0,Перевод коллеге,0
TXN-2025-018207,KZ_USR_0736,KZ_REC_838,125700.0,KZT,2025-05-05 09:21:36,9,21,0,MERCHANT,875500.0,160352.09,0.78,0.144,0,2,0,0,На продукты,0
TXN-2025-009261,KZ_USR_0769,KZ_REC_304,99800.0,KZT,2025-04-09 10:38:31,10,38,2,MERCHANT,773700.0,74733.08,1.34,0.129,0,1,0,0,Зарплата,0
TXN-2025-014726,KZ_USR_0170,KZ_REC_788,57800.0,KZT,2025-04-02 10:28:36,10,28,2,PAYMENT,537500.0,114542.87,0.5,0.108,0,2,0,0,Коммуналка,0
TXN-2025-013282,KZ_USR_0819,KZ_REC_163,24900.0,KZT,2025-05-05 16:54:49,16,54,0,MERCHANT,49700.0,28761.86,0.87,0.501,0,1,0,0,Пополнение карты,0
TXN-2025-023973,KZ_USR_0834,KZ_REC_7909,57400.0,KZT,2025-04-23 10:14:09,10,14,2,P2P_TRANSFER,648100.0,48221.92,1.19,0.089,1,1,0,0,Подарок на день рождения,0
TXN-2025-024423,KZ_USR_1113,KZ_REC_9097,56000.0,KZT,2025-05-07 17:29:39,17,29,2,PAYMENT,233200.0,55810.82,1.0,0.24,1,1,0,0,Перевод коллеге,0
TXN-2025-006589,KZ_USR_0489,KZ_REC_2833,399800.0,KZT,2025-05-28 11:30:16,11,30,2,MERCHANT,3179600.0,172065.84,2.32,0.126,1,1,0,0,Оплата кофе,0
TXN-2025-004023,KZ_USR_0130,KZ_REC_479,116900.0,KZT,2025-05-03 11:20:09,11,20,5,PAYMENT,252400.0,101719.57,1.15,0.463,0,2,0,0,Зарплата,0
TXN-2025-020726,KZ_USR_0722,KZ_REC_128,52000.0,KZT,2025-05-13 15:13:13,15,13,1,MERCHANT,190500.0,48997.29,1.06,0.273,0,2,0,0,Зарплата,0
TXN-2025-016480,KZ_USR_0213,KZ_REC_140,109600.0,KZT,2025-04-29 15:10:17,15,10,1,PAYMENT,402400.0,124313.8,0.88,0.272,0,1,0,0,Подарок на день рождения,0
TXN-2025-017650,KZ_USR_0985,KZ_REC_740,60000.0,KZT,2025-05-26 19:15:34,19,15,0,PAYMENT,202200.0,136510.2,0.44,0.297,0,1,0,0,Перевод коллеге,0
TXN-2025-000180,KZ_USR_0784,KZ_REC_821,104500.0,KZT,2025-05-09 10:43:20,10,43,4,MERCHANT,1141100.0,75311.36,1.39,0.092,0,2,0,0,На карманные расходы,0
TXN-2025-016858,KZ_USR_1007,KZ_REC_464,69300.0,KZT,2025-04-02 09:39:56,9,39,2,P2P_TRANSFER,257300.0,130764.25,0.53,0.269,0,2,0,0,Аренда жилья,0
TXN-2025-010326,KZ_USR_0190,KZ_REC_293,41900.0,KZT,2025-04-25 15:58:44,15,58,4,PAYMENT,343100.0,58696.37,0.71,0.122,0,2,0,0,Аренда жилья,0
TXN-2025-002890,KZ_USR_0309,KZ_REC_8091,189600.0,KZT,2025-04-06 10:21:50,10,21,6,MERCHANT,1164300.0,147229.79,1.29,0.163,1,1,1,0,Пополнение карты,0
TXN-2025-018353,KZ_USR_1019,KZ_REC_429,101900.0,KZT,2025-05-11 15:07:36,15,7,6,P2P_TRANSFER,274500.0,166478.13,0.61,0.371,0,2,0,0,Возврат долга,0
TXN-2025-018958,KZ_USR_0384,KZ_REC_474,230000.0,KZT,2025-05-26 07:54:53,7,54,0,P2P_TRANSFER,2273600.0,160395.52,1.43,0.101,0,1,0,0,Услуги репетитора,0
TXN-2025-019502,KZ_USR_0769,KZ_REC_896,272600.0,KZT,2025-05-05 18:40:18,18,40,0,PAYMENT,2134200.0,74733.08,3.65,0.128,0,1,0,0,За бензин,0
TXN-2025-020233,KZ_USR_1129,KZ_REC_685,109100.0,KZT,2025-04-21 06:36:36,6,36,0,P2P_TRANSFER,677900.0,79630.16,1.37,0.161,0,2,0,0,Подарок на день рождения,0
TXN-2025-003933,KZ_USR_0419,KZ_REC_215,98600.0,KZT,2025-04-22 11:52:53,11,52,1,P2P_TRANSFER,688300.0,127602.95,0.77,0.143,0,1,0,0,Оплата кофе,0
TXN-2025-020794,KZ_USR_1067,KZ_REC_639,76300.0,KZT,2025-05-02 19:41:54,19,41,4,PAYMENT,581400.0,58204.34,1.31,0.131,0,1,0,0,Срочно на карту,0
TXN-2025-005615,KZ_USR_0349,KZ_REC_8658,92800.0,KZT,2025-05-09 18:52:34,18,52,4,MERCHANT,294600.0,79938.02,1.16,0.315,1,1,0,0,Коммуналка,0
TXN-2025-024000,KZ_USR_0288,KZ_REC_472,261300.0,KZT,2025-04-27 12:52:17,12,52,6,PAYMENT,2242900.0,106823.14,2.45,0.117,0,1,1,0,Билеты в кино,0
TXN-2025-021639,KZ_USR_0953,KZ_REC_284,65200.0,KZT,2025-05-07 09:07:23,9,7,2,MERCHANT,569200.0,48059.4,1.36,0.115,0,2,0,0,На карманные расходы,0
TXN-2025-016541,KZ_USR_0390,KZ_REC_117,63400.0,KZT,2025-05-14 09:51:51,9,51,2,PAYMENT,302600.0,149093.56,0.43,0.21,0,3,0,0,Коммуналка,0
TXN-2025-009623,KZ_USR_0140,KZ_DROP_5453,1381700.0,KZT,2025-05-10 10:00:32,10,0,5,CASH_OUT,1625200.0,175485.13,7.87,0.85,1,2,1,1,Билеты в кино,1
TXN-2025-016709,KZ_USR_0503,KZ_REC_828,54000.0,KZT,2025-04-01 16:04:50,16,4,1,PAYMENT,480100.0,69524.42,0.78,0.112,0,1,0,0,Перевод маме,0
TXN-2025-015987,KZ_USR_0526,KZ_REC_780,86900.0,KZT,2025-05-25 13:02:52,13,2,6,MERCHANT,392500.0,94990.91,0.91,0.221,0,1,1,0,Перевод коллеге,0
TXN-2025-020028,KZ_USR_0949,KZ_REC_365,219000.0,KZT,2025-04-03 12:07:42,12,7,3,PAYMENT,1389600.0,159822.41,1.37,0.158,0,1,0,0,Перевод коллеге,0
TXN-2025-013032,KZ_USR_0350,KZ_REC_817,55300.0,KZT,2025-05-13 23:34:06,23,34,1,PAYMENT,524500.0,120137.59,0.46,0.105,0,1,0,0,На карманные расходы,0
TXN-2025-023680,KZ_USR_0382,KZ_REC_882,77000.0,KZT,2025-05-20 16:47:35,16,47,1,MERCHANT,688400.0,131477.95,0.59,0.112,0,1,0,0,На продукты,0
TXN-2025-000544,KZ_USR_0165,KZ_REC_682,46900.0,KZT,2025-05-04 15:58:12,15,58,6,PAYMENT,125600.0,34446.36,1.36,0.373,0,1,0,0,Аренда жилья,0
TXN-2025-017493,KZ_USR_0075,KZ_REC_466,224800.0,KZT,2025-04-08 15:24:41,15,24,1,P2P_TRANSFER,2403200.0,133097.18,1.69,0.094,0,1,0,0,На карманные расходы,0
TXN-2025-004261,KZ_USR_0037,KZ_REC_3803,250200.0,KZT,2025-05-20 06:06:22,6,6,1,MERCHANT,1534900.0,68738.2,3.64,0.163,1,1,0,0,Срочно на карту,0
TXN-2025-010861,KZ_USR_0241,KZ_REC_1490,675500.0,KZT,2025-04-05 19:06:33,19,6,5,MERCHANT,1419000.0,170473.37,3.96,0.476,1,1,0,0,Зарплата,0
TXN-2025-022838,KZ_USR_0588,KZ_REC_243,23800.0,KZT,2025-04-19 12:17:16,12,17,5,MERCHANT,263400.0,40620.76,0.59,0.09,0,1,0,0,За бензин,0
TXN-2025-010476,KZ_USR_0470,KZ_REC_6967,64000.0,KZT,2025-05-03 00:22:20,0,22,5,PAYMENT,339300.0,174115.61,0.37,0.189,1,1,0,0,Оплата кофе,0
TXN-2025-016925,KZ_USR_0456,KZ_REC_452,44800.0,KZT,2025-04-13 09:30:57,9,30,6,P2P_TRANSFER,501300.0,98820.02,0.45,0.089,0,1,0,0,Оплата кофе,0
TXN-2025-012394,KZ_USR_0618,KZ_REC_481,54000.0,KZT,2025-05-10 14:38:05,14,38,5,MERCHANT,614600.0,64300.42,0.84,0.088,0,1,0,0,Коммуналка,0
TXN-2025-010511,KZ_USR_0068,KZ_REC_152,128000.0,KZT,2025-05-03 10:42:35,10,42,5,P2P_TRANSFER,544400.0,148351.52,0.86,0.235,0,1,0,0,Коммуналка,0
TXN-2025-019912,KZ_USR_0355,KZ_REC_834,75200.0,KZT,2025-05-02 19:03:34,19,3,4,PAYMENT,528800.0,31291.0,2.4,0.142,0,1,0,0,Перевод маме,0
TXN-2025-006004,KZ_USR_0030,KZ_REC_680,13300.0,KZT,2025-05-07 18:18:10,18,18,2,P2P_TRANSFER,62300.0,27432.07,0.48,0.213,0,1,1,0,Оплата обеда,0
TXN-2025-022050,KZ_USR_0091,KZ_REC_780,15000.0,KZT,2025-04-08 07:28:41,7,28,1,P2P_TRANSFER,40100.0,39135.08,0.38,0.374,0,1,0,0,Зарплата,0
TXN-2025-011067,KZ_USR_0790,KZ_REC_487,175200.0,KZT,2025-04-04 01:25:36,1,25,4,PAYMENT,860300.0,171565.33,1.02,0.204,0,1,0,0,Аренда жилья,0
TXN-2025-015203,KZ_USR_0840,KZ_REC_6487,52400.0,KZT,2025-04-05 09:45:24,9,45,5,P2P_TRANSFER,249400.0,121162.29,0.43,0.21,1,1,1,0,Пополнение карты,0
TXN-2025-023468,KZ_USR_0093,KZ_REC_393,81300.0,KZT,2025-05-28 09:52:50,9,52,2,MERCHANT,416800.0,141725.61,0.57,0.195,0,2,1,0,Оплата обеда,0
TXN-2025-015308,KZ_USR_0549,KZ_REC_422,174300.0,KZT,2025-04-22 20:36:19,20,36,1,PAYMENT,1573600.0,103249.23,1.69,0.111,0,2,0,0,Перевод маме,0
TXN-2025-016993,KZ_USR_0981,KZ_REC_108,36000.0,KZT,2025-04-14 09:28:35,9,28,0,PAYMENT,388100.0,73479.02,0.49,0.093,0,1,0,0,Аренда жилья,0
TXN-2025-014096,KZ_USR_1022,KZ_REC_5355,191600.0,KZT,2025-04-22 12:30:01,12,30,1,PAYMENT,569700.0,67575.84,2.84,0.336,1,1,0,0,Срочно на карту,0
TXN-2025-005800,KZ_USR_0842,KZ_REC_167,179600.0,KZT,2025-04-28 10:12:15,10,12,0,P2P_TRANSFER,1874300.0,126165.98,1.42,0.096,0,1,0,0,Возврат долга,0
TXN-2025-022098,KZ_USR_0386,KZ_REC_240,62400.0,KZT,2025-05-17 09:55:35,9,55,5,PAYMENT,355100.0,148556.95,0.42,0.176,0,3,0,0,Перевод маме,0
TXN-2025-016923,KZ_USR_0186,KZ_DROP_6553,1138100.0,KZT,2025-04-16 02:03:47,2,3,2,P2P_TRANSFER,1791300.0,125597.45,9.06,0.635,1,4,1,0,Разблокировка карты,1
TXN-2025-019221,KZ_USR_0551,KZ_REC_675,40700.0,KZT,2025-05-18 21:13:08,21,13,6,MERCHANT,210300.0,103226.16,0.39,0.194,0,2,0,0,Аренда жилья,0
TXN-2025-007228,KZ_USR_0328,KZ_REC_5110,100100.0,KZT,2025-04-27 17:58:44,17,58,6,P2P_TRANSFER,670600.0,117875.32,0.85,0.149,1,2,0,0,Оплата обеда,0
TXN-2025-021336,KZ_USR_0435,KZ_REC_159,19900.0,KZT,2025-05-22 09:44:23,9,44,3,PAYMENT,137400.0,33457.09,0.59,0.145,0,1,0,0,Возврат долга,0
TXN-2025-002153,KZ_USR_0868,KZ_REC_326,28300.0,KZT,2025-05-04 14:02:34,14,2,6,MERCHANT,274300.0,49108.5,0.58,0.103,0,2,0,0,Подарок на день рождения,0
TXN-2025-004139,KZ_USR_0825,KZ_REC_821,131600.0,KZT,2025-04-03 22:07:29,22,7,3,MERCHANT,1049600.0,105983.3,1.24,0.125,0,2,0,0,Зарплата,0
TXN-2025-008658,KZ_USR_0107,KZ_REC_443,97200.0,KZT,2025-04-16 07:35:05,7,35,2,MERCHANT,611100.0,85661.27,1.13,0.159,0,1,0,0,Билеты в кино,0
TXN-2025-021650,KZ_USR_0551,KZ_REC_5731,165800.0,KZT,2025-05-29 11:49:20,11,49,3,PAYMENT,326000.0,103226.16,1.61,0.509,1,2,0,0,Подарок на день рождения,0
TXN-2025-003297,KZ_USR_1052,KZ_REC_3315,50500.0,KZT,2025-05-20 10:32:33,10,32,1,P2P_TRANSFER,598700.0,104629.94,0.48,0.084,1,1,0,0,На продукты,0
TXN-2025-013970,KZ_USR_0279,KZ_REC_743,294600.0,KZT,2025-04-26 09:01:09,9,1,5,P2P_TRANSFER,1869300.0,132314.7,2.23,0.158,0,1,0,0,Пополнение карты,0
TXN-2025-016152,KZ_USR_0348,KZ_REC_798,50800.0,KZT,2025-04-02 13:26:58,13,26,2,MERCHANT,270800.0,27248.64,1.86,0.188,0,1,0,0,Пополнение карты,0
TXN-2025-005317,KZ_USR_0476,KZ_REC_273,72900.0,KZT,2025-04-16 12:21:53,12,21,2,PAYMENT,331500.0,178874.37,0.41,0.22,0,2,0,0,Аренда жилья,0
TXN-2025-007225,KZ_USR_0815,KZ_REC_460,305600.0,KZT,2025-05-02 12:04:26,12,4,4,P2P_TRANSFER,3139400.0,159183.42,1.92,0.097,0,2,0,0,Коммуналка,0
TXN-2025-013749,KZ_USR_1098,KZ_REC_860,56100.0,KZT,2025-04-03 06:25:44,6,25,3,PAYMENT,185000.0,49830.12,1.13,0.303,0,1,0,0,Зарплата,0
TXN-2025-003176,KZ_USR_0647,KZ_REC_130,181700.0,KZT,2025-05-25 15:25:06,15,25,6,PAYMENT,1559400.0,114974.79,1.58,0.117,0,1,0,0,Возврат долга,0
TXN-2025-004906,KZ_USR_0344,KZ_REC_8556,36900.0,KZT,2025-04-23 15:47:24,15,47,2,MERCHANT,70100.0,89416.26,0.41,0.526,1,2,1,0,Зарплата,0
TXN-2025-004844,KZ_USR_0990,KZ_REC_228,146000.0,KZT,2025-05-07 19:37:03,19,37,2,PAYMENT,1231800.0,151056.37,0.97,0.119,0,1,0,0,Срочно на карту,0
TXN-2025-019398,KZ_USR_0982,KZ_REC_399,56700.0,KZT,2025-05-07 18:22:31,18,22,2,MERCHANT,369100.0,143345.95,0.4,0.154,0,1,0,0,Оплата обеда,0
TXN-2025-014553,KZ_USR_0605,KZ_REC_824,46200.0,KZT,2025-05-24 10:24:34,10,24,5,PAYMENT,489500.0,39301.74,1.18,0.094,0,1,0,0,Билеты в кино,0
TXN-2025-014036,KZ_USR_0510,KZ_REC_1460,748600.0,KZT,2025-05-01 15:30:56,15,30,3,PAYMENT,1895900.0,136115.12,5.5,0.395,1,1,1,0,За бензин,0
TXN-2025-022043,KZ_USR_0064,KZ_REC_783,49000.0,KZT,2025-05-23 19:04:08,19,4,4,PAYMENT,287200.0,77080.53,0.64,0.171,0,1,0,0,Услуги репетитора,0
TXN-2025-004373,KZ_USR_0847,KZ_REC_364,232200.0,KZT,2025-05-19 11:24:09,11,24,0,MERCHANT,2165900.0,33655.95,6.9,0.107,0,2,0,0,Услуги репетитора,0
TXN-2025-015145,KZ_USR_0961,KZ_REC_1595,39200.0,KZT,2025-05-26 08:42:30,8,42,0,P2P_TRANSFER,123600.0,33247.79,1.18,0.317,1,2,1,0,Аренда жилья,0
TXN-2025-006822,KZ_USR_0459,KZ_REC_3294,51500.0,KZT,2025-04-12 16:00:23,16,0,5,P2P_TRANSFER,352500.0,29008.52,1.78,0.146,1,1,1,0,Оплата кофе,0
TXN-2025-010995,KZ_USR_0289,KZ_REC_795,28100.0,KZT,2025-05-05 11:44:22,11,44,0,PAYMENT,302600.0,65846.6,0.43,0.093,0,1,0,0,Возврат долга,0
TXN-2025-005163,KZ_USR_1172,KZ_REC_886,198200.0,KZT,2025-04-09 09:41:16,9,41,2,MERCHANT,1743800.0,176989.79,1.12,0.114,0,1,0,0,Билеты в кино,0
TXN-2025-017504,KZ_USR_0317,KZ_REC_747,40300.0,KZT,2025-04-28 08:50:14,8,50,0,P2P_TRANSFER,197100.0,85432.47,0.47,0.204,0,1,0,0,Срочно на карту,0
TXN-2025-003489,KZ_USR_0943,KZ_REC_735,945100.0,KZT,2025-04-06 19:28:43,19,28,6,P2P_TRANSFER,1639600.0,124227.26,7.61,0.576,0,3,1,1,Инвестиционный доход 100%,1
TXN-2025-011327,KZ_USR_0238,KZ_REC_615,22200.0,KZT,2025-05-14 21:37:10,21,37,2,MERCHANT,203400.0,23890.55,0.93,0.109,0,1,0,0,Подарок на день рождения,0
TXN-2025-024278,KZ_USR_0194,KZ_REC_567,67800.0,KZT,2025-04-28 18:16:32,18,16,0,P2P_TRANSFER,187900.0,121296.23,0.56,0.361,0,1,0,0,Перевод маме,0
TXN-2025-020773,KZ_USR_0081,KZ_REC_9659,82000.0,KZT,2025-04-12 17:12:30,17,12,5,P2P_TRANSFER,456100.0,158096.55,0.52,0.18,1,2,0,0,Билеты в кино,0
TXN-2025-010856,KZ_USR_0876,KZ_REC_703,40000.0,KZT,2025-04-07 20:51:57,20,51,0,P2P_TRANSFER,279900.0,44984.42,0.89,0.143,0,1,0,0,Подарок на день рождения,0
TXN-2025-018639,KZ_USR_0002,KZ_REC_658,307400.0,KZT,2025-04-04 03:55:50,3,55,4,P2P_TRANSFER,3036500.0,172114.29,1.79,0.101,0,1,0,1,Услуги репетитора,0
TXN-2025-013273,KZ_USR_0290,KZ_REC_167,137400.0,KZT,2025-04-09 09:00:10,9,0,2,MERCHANT,1312000.0,114533.32,1.2,0.105,0,1,0,0,Коммуналка,0
TXN-2025-004705,KZ_USR_0692,KZ_REC_291,131200.0,KZT,2025-04-19 14:58:26,14,58,5,MERCHANT,984100.0,88069.83,1.49,0.133,0,1,0,0,Коммуналка,0
TXN-2025-012040,KZ_USR_0592,KZ_REC_721,137600.0,KZT,2025-04-11 18:09:56,18,9,4,P2P_TRANSFER,1615100.0,122539.96,1.12,0.085,0,1,0,0,Перевод коллеге,0
TXN-2025-005241,KZ_USR_0232,KZ_REC_6186,102500.0,KZT,2025-05-22 16:18:13,16,18,3,P2P_TRANSFER,773100.0,100421.93,1.02,0.133,1,1,0,0,Зарплата,0
TXN-2025-024096,KZ_USR_0239,KZ_REC_590,160700.0,KZT,2025-04-24 15:59:28,15,59,3,PAYMENT,1151000.0,123275.57,1.3,0.14,0,1,0,0,Пополнение карты,0
TXN-2025-013112,KZ_USR_0186,KZ_REC_1597,150100.0,KZT,2025-04-14 15:45:56,15,45,0,MERCHANT,599500.0,125597.45,1.2,0.25,1,1,1,0,Оплата обеда,0
TXN-2025-008456,KZ_USR_0659,KZ_REC_425,109600.0,KZT,2025-05-22 12:17:23,12,17,3,MERCHANT,1029200.0,123346.76,0.89,0.106,0,1,0,0,Возврат долга,0
TXN-2025-024103,KZ_USR_0515,KZ_REC_708,24800.0,KZT,2025-05-29 13:13:14,13,13,3,P2P_TRANSFER,209700.0,27234.99,0.91,0.118,0,1,0,0,Оплата кофе,0
TXN-2025-002760,KZ_USR_1088,KZ_REC_731,67800.0,KZT,2025-05-02 14:13:24,14,13,4,PAYMENT,382800.0,46725.43,1.45,0.177,0,1,0,0,На продукты,0
TXN-2025-003049,KZ_USR_0584,KZ_REC_4794,208500.0,KZT,2025-05-12 20:02:01,20,2,0,P2P_TRANSFER,2234400.0,72600.26,2.87,0.093,1,1,0,0,Оплата обеда,0
TXN-2025-019567,KZ_USR_0382,KZ_REC_738,143400.0,KZT,2025-05-23 08:52:25,8,52,4,MERCHANT,1447000.0,131477.95,1.09,0.099,0,1,0,0,Оплата обеда,0
TXN-2025-006941,KZ_USR_0055,KZ_REC_170,361500.0,KZT,2025-05-03 21:49:01,21,49,5,P2P_TRANSFER,2801500.0,115664.0,3.13,0.129,0,1,0,0,Зарплата,0
TXN-2025-014851,KZ_USR_0886,KZ_REC_2800,49200.0,KZT,2025-04-06 15:19:25,15,19,6,PAYMENT,137600.0,48567.15,1.01,0.358,1,1,0,0,Подарок на день рождения,0
TXN-2025-018907,KZ_USR_0629,KZ_REC_694,16200.0,KZT,2025-04-30 10:22:12,10,22,2,PAYMENT,63400.0,25869.31,0.63,0.256,0,1,0,0,Зарплата,0
TXN-2025-020326,KZ_USR_0205,KZ_REC_9477,168200.0,KZT,2025-04-17 12:50:36,12,50,3,P2P_TRANSFER,1285200.0,117028.65,1.44,0.131,1,1,0,0,Перевод коллеге,0
TXN-2025-015425,KZ_USR_1097,KZ_REC_9037,77600.0,KZT,2025-04-24 09:18:15,9,18,3,MERCHANT,427200.0,55277.79,1.4,0.182,1,1,0,0,Аренда жилья,0
TXN-2025-006433,KZ_USR_0208,KZ_REC_209,218000.0,KZT,2025-04-25 17:16:20,17,16,4,PAYMENT,789500.0,126160.28,1.73,0.276,0,2,0,0,Билеты в кино,0
TXN-2025-001422,KZ_USR_1020,KZ_REC_774,28700.0,KZT,2025-05-21 16:49:18,16,49,2,MERCHANT,62100.0,25431.36,1.13,0.462,0,1,0,0,Возврат долга,0
TXN-2025-021415,KZ_USR_0340,KZ_REC_897,318100.0,KZT,2025-05-09 09:45:14,9,45,4,P2P_TRANSFER,605600.0,35653.47,8.92,0.525,0,2,1,1,Вывод с криптобиржи P2P USDT,1
TXN-2025-000738,KZ_USR_0322,KZ_REC_169,100800.0,KZT,2025-04-18 19:05:33,19,5,4,MERCHANT,285000.0,134335.35,0.75,0.354,0,1,1,0,На продукты,0
TXN-2025-002758,KZ_USR_0252,KZ_REC_714,87300.0,KZT,2025-04-03 18:18:20,18,18,3,PAYMENT,707800.0,81615.64,1.07,0.123,0,1,0,0,На продукты,0
TXN-2025-006992,KZ_USR_0977,KZ_REC_751,94100.0,KZT,2025-05-01 19:19:05,19,19,3,PAYMENT,322900.0,115212.47,0.82,0.291,0,1,0,0,Возврат долга,0
TXN-2025-007018,KZ_USR_1098,KZ_REC_3990,63800.0,KZT,2025-04-11 14:58:34,14,58,4,PAYMENT,705400.0,49830.12,1.28,0.09,1,1,0,0,На карманные расходы,0
TXN-2025-023048,KZ_USR_0109,KZ_DROP_5336,463500.0,KZT,2025-04-27 01:30:43,1,30,6,P2P_TRANSFER,1039700.0,56607.71,8.19,0.446,1,2,1,0,Разблокировка карты,1
TXN-2025-018142,KZ_USR_0807,KZ_REC_281,315800.0,KZT,2025-05-12 07:42:56,7,42,0,P2P_TRANSFER,1373600.0,169498.72,1.86,0.23,0,1,0,0,Подарок на день рождения,0
TXN-2025-003324,KZ_USR_0551,KZ_REC_7377,119100.0,KZT,2025-04-08 15:13:23,15,13,1,MERCHANT,788000.0,103226.16,1.15,0.151,1,1,0,0,Пополнение карты,0
TXN-2025-017191,KZ_USR_0022,KZ_REC_605,63700.0,KZT,2025-04-05 07:59:27,7,59,5,P2P_TRANSFER,161300.0,42319.02,1.51,0.395,0,2,0,0,За бензин,0
TXN-2025-004645,KZ_USR_0910,KZ_REC_635,84400.0,KZT,2025-04-17 14:16:21,14,16,3,P2P_TRANSFER,591500.0,80750.79,1.05,0.143,0,1,0,0,Билеты в кино,0
TXN-2025-018196,KZ_USR_1136,KZ_REC_317,33600.0,KZT,2025-05-06 07:28:05,7,28,1,P2P_TRANSFER,230100.0,32180.94,1.04,0.146,0,1,0,0,Аренда жилья,0
TXN-2025-013276,KZ_USR_0251,KZ_REC_781,119400.0,KZT,2025-05-30 14:41:32,14,41,4,P2P_TRANSFER,503200.0,67111.82,1.78,0.237,0,1,0,0,Услуги репетитора,0
TXN-2025-021878,KZ_USR_0829,KZ_REC_826,237400.0,KZT,2025-04-10 06:57:08,6,57,3,MERCHANT,1738200.0,138000.2,1.72,0.137,0,1,0,0,Оплата кофе,0
TXN-2025-009741,KZ_USR_0639,KZ_REC_150,126600.0,KZT,2025-04-10 16:37:11,16,37,3,PAYMENT,1490600.0,63078.92,2.01,0.085,0,1,0,0,Услуги репетитора,0
TXN-2025-019042,KZ_USR_1164,KZ_REC_492,291700.0,KZT,2025-05-08 16:54:15,16,54,3,PAYMENT,2239400.0,138961.32,2.1,0.13,0,1,0,0,Срочно на карту,0
TXN-2025-018581,KZ_USR_0581,KZ_REC_812,51000.0,KZT,2025-05-02 06:19:38,6,19,4,PAYMENT,417800.0,93461.72,0.55,0.122,0,1,1,0,Билеты в кино,0
TXN-2025-023282,KZ_USR_0709,KZ_REC_2539,185900.0,KZT,2025-05-06 08:54:53,8,54,1,PAYMENT,1787400.0,60742.5,3.06,0.104,1,1,0,0,Оплата обеда,0
TXN-2025-012468,KZ_USR_0262,KZ_REC_4773,121500.0,KZT,2025-04-06 07:49:15,7,49,6,P2P_TRANSFER,266900.0,178408.62,0.68,0.455,1,2,0,0,Возврат долга,0
TXN-2025-019086,KZ_USR_0148,KZ_REC_4555,272100.0,KZT,2025-04-19 12:23:38,12,23,5,MERCHANT,590200.0,100428.64,2.71,0.461,1,2,0,0,Перевод маме,0
TXN-2025-018890,KZ_USR_0567,KZ_REC_867,89300.0,KZT,2025-05-16 03:57:44,3,57,4,PAYMENT,545000.0,82759.05,1.08,0.164,0,1,0,0,Коммуналка,0
TXN-2025-018111,KZ_USR_1045,KZ_REC_690,163700.0,KZT,2025-05-17 21:03:52,21,3,5,P2P_TRANSFER,1424800.0,161756.44,1.01,0.115,0,1,0,0,На карманные расходы,0
TXN-2025-018954,KZ_USR_0711,KZ_REC_120,211900.0,KZT,2025-04-06 00:02:38,0,2,6,P2P_TRANSFER,854600.0,141636.46,1.5,0.248,0,1,0,0,Оплата обеда,0
TXN-2025-019866,KZ_USR_0793,KZ_REC_513,49300.0,KZT,2025-04-10 12:19:31,12,19,3,MERCHANT,397000.0,100942.19,0.49,0.124,0,1,0,0,Услуги репетитора,0
TXN-2025-016823,KZ_USR_0371,KZ_REC_577,36100.0,KZT,2025-04-23 22:19:32,22,19,2,MERCHANT,134200.0,36124.48,1.0,0.269,0,2,0,0,Подарок на день рождения,0
